STAT1	FAS	post_translational	B_IFN,T_CD4+,T_Treg,T_TfR,T_TIM3+,T_CD4+_naive,T_CD8+_naive,T_CD8+_cytotoxic,NKT,NK,DC_cDC2,Monocytes,Macrophages_M1,Macrophages_M2	T_CD4+,T_CD4+_TfH,T_CD4+_TfH_GC,T_Treg,T_TfR,T_CD8+_cytotoxic,T_CD8+_CD161+,NKT
CARD16	CASP1	post_translational	B_IFN,T_CD4+,T_Treg,T_TfR,T_TIM3+,T_CD8+_cytotoxic,NKT,NK,DC_cDC2,Monocytes,Macrophages_M1,Macrophages_M2	B_IFN,T_CD4+,T_Treg,T_CD8+_cytotoxic,NKT,NK,DC_cDC2,Monocytes,Macrophages_M1,Macrophages_M2
STAT1	CDKN1B	post_translational	B_IFN,T_CD4+,T_Treg,T_TfR,T_TIM3+,T_CD4+_naive,T_CD8+_naive,T_CD8+_cytotoxic,NKT,NK,DC_cDC2,Monocytes,Macrophages_M1,Macrophages_M2	B_activated,T_CD4+,T_CD4+_TfH,T_Treg,T_CD4+_naive,T_CD8+_naive,T_CD8+_cytotoxic,T_CD8+_CD161+
STAT1	IRF1	post_translational	B_IFN,T_CD4+,T_Treg,T_TfR,T_TIM3+,T_CD4+_naive,T_CD8+_naive,T_CD8+_cytotoxic,NKT,NK,DC_cDC2,Monocytes,Macrophages_M1,Macrophages_M2	B_IFN,B_activated,T_CD4+,T_CD4+_TfH,T_Treg,T_CD8+_cytotoxic,T_CD8+_CD161+,NKT,NK,ILC,DC_CCR7+
LCK	LIME1	post_translational	T_CD4+,T_CD4+_TfH,T_CD4+_TfH_GC,T_Treg,T_TfR,T_TIM3+,T_CD4+_naive,T_CD8+_naive,T_CD8+_cytotoxic,T_CD8+_CD161+,NKT	B_plasma,T_CD4+,T_CD4+_TfH_GC,T_Treg,T_TfR,T_TIM3+,T_CD4+_naive,T_CD8+_naive,T_CD8+_cytotoxic,NKT,DC_pDC
STAT1	CASP1	post_translational	B_IFN,T_CD4+,T_Treg,T_TfR,T_TIM3+,T_CD4+_naive,T_CD8+_naive,T_CD8+_cytotoxic,NKT,NK,DC_cDC2,Monocytes,Macrophages_M1,Macrophages_M2	B_IFN,T_CD4+,T_Treg,T_CD8+_cytotoxic,NKT,NK,DC_cDC2,Monocytes,Macrophages_M1,Macrophages_M2
LCK	CD247	post_translational	T_CD4+,T_CD4+_TfH,T_CD4+_TfH_GC,T_Treg,T_TfR,T_TIM3+,T_CD4+_naive,T_CD8+_naive,T_CD8+_cytotoxic,T_CD8+_CD161+,NKT	T_CD4+,T_CD4+_TfH,T_CD4+_TfH_GC,T_Treg,T_TfR,T_TIM3+,T_CD4+_naive,T_CD8+_naive,T_CD8+_cytotoxic,T_CD8+_CD161+,NKT,NK
FYN	CD247	post_translational	T_CD4+,T_CD4+_TfH,T_CD4+_TfH_GC,T_Treg,T_TfR,T_TIM3+,T_CD8+_cytotoxic,T_CD8+_CD161+,NKT,NK,ILC	T_CD4+,T_CD4+_TfH,T_CD4+_TfH_GC,T_Treg,T_TfR,T_TIM3+,T_CD4+_naive,T_CD8+_naive,T_CD8+_cytotoxic,T_CD8+_CD161+,NKT,NK
FYN	CTLA4	post_translational	T_CD4+,T_CD4+_TfH,T_CD4+_TfH_GC,T_Treg,T_TfR,T_TIM3+,T_CD8+_cytotoxic,T_CD8+_CD161+,NKT,NK,ILC	T_CD4+_TfH,T_CD4+_TfH_GC,T_Treg,T_TfR,T_TIM3+
LCK	CTLA4	post_translational	T_CD4+,T_CD4+_TfH,T_CD4+_TfH_GC,T_Treg,T_TfR,T_TIM3+,T_CD4+_naive,T_CD8+_naive,T_CD8+_cytotoxic,T_CD8+_CD161+,NKT	T_CD4+_TfH,T_CD4+_TfH_GC,T_Treg,T_TfR,T_TIM3+
LCK	ZAP70	post_translational	T_CD4+,T_CD4+_TfH,T_CD4+_TfH_GC,T_Treg,T_TfR,T_TIM3+,T_CD4+_naive,T_CD8+_naive,T_CD8+_cytotoxic,T_CD8+_CD161+,NKT	T_CD4+,T_CD4+_TfH,T_CD4+_TfH_GC,T_Treg,T_TfR,T_TIM3+,T_CD4+_naive,T_CD8+_naive,T_CD8+_cytotoxic,T_CD8+_CD161+,NKT,NK
ZAP70	LCK	post_translational	T_CD4+,T_CD4+_TfH,T_CD4+_TfH_GC,T_Treg,T_TfR,T_TIM3+,T_CD4+_naive,T_CD8+_naive,T_CD8+_cytotoxic,T_CD8+_CD161+,NKT,NK	T_CD4+,T_CD4+_TfH,T_CD4+_TfH_GC,T_Treg,T_TfR,T_TIM3+,T_CD4+_naive,T_CD8+_naive,T_CD8+_cytotoxic,T_CD8+_CD161+,NKT
LCK	VAV1	post_translational	T_CD4+,T_CD4+_TfH,T_CD4+_TfH_GC,T_Treg,T_TfR,T_TIM3+,T_CD4+_naive,T_CD8+_naive,T_CD8+_cytotoxic,T_CD8+_CD161+,NKT	Macrophages_M2
FYN	LCP2	post_translational	T_CD4+,T_CD4+_TfH,T_CD4+_TfH_GC,T_Treg,T_TfR,T_TIM3+,T_CD8+_cytotoxic,T_CD8+_CD161+,NKT,NK,ILC	T_CD4+,T_CD4+_TfH,T_CD4+_TfH_GC,T_Treg,T_TfR,T_TIM3+,T_CD4+_naive,T_CD8+_naive,T_CD8+_cytotoxic,T_CD8+_CD161+,NKT,NK,ILC,DC_cDC2,Monocytes,Macrophages_M2
ITK	LAT	post_translational	T_CD4+,T_CD4+_TfH,T_CD4+_TfH_GC,T_Treg,T_TfR,T_CD4+_naive,T_CD8+_naive,T_CD8+_cytotoxic,T_CD8+_CD161+	T_CD4+,T_CD4+_TfH,T_CD4+_TfH_GC,T_Treg,T_TfR,T_TIM3+,T_CD4+_naive,T_CD8+_naive,T_CD8+_cytotoxic,T_CD8+_CD161+,NKT
LCK	LCP2	post_translational	T_CD4+,T_CD4+_TfH,T_CD4+_TfH_GC,T_Treg,T_TfR,T_TIM3+,T_CD4+_naive,T_CD8+_naive,T_CD8+_cytotoxic,T_CD8+_CD161+,NKT	T_CD4+,T_CD4+_TfH,T_CD4+_TfH_GC,T_Treg,T_TfR,T_TIM3+,T_CD4+_naive,T_CD8+_naive,T_CD8+_cytotoxic,T_CD8+_CD161+,NKT,NK,ILC,DC_cDC2,Monocytes,Macrophages_M2
ZAP70	LCP2	post_translational	T_CD4+,T_CD4+_TfH,T_CD4+_TfH_GC,T_Treg,T_TfR,T_TIM3+,T_CD4+_naive,T_CD8+_naive,T_CD8+_cytotoxic,T_CD8+_CD161+,NKT,NK	T_CD4+,T_CD4+_TfH,T_CD4+_TfH_GC,T_Treg,T_TfR,T_TIM3+,T_CD4+_naive,T_CD8+_naive,T_CD8+_cytotoxic,T_CD8+_CD161+,NKT,NK,ILC,DC_cDC2,Monocytes,Macrophages_M2
FYN	WAS	post_translational	T_CD4+,T_CD4+_TfH,T_CD4+_TfH_GC,T_Treg,T_TfR,T_TIM3+,T_CD8+_cytotoxic,T_CD8+_CD161+,NKT,NK,ILC	B_IFN,B_GC_LZ,B_GC_DZ,DC_cDC2
ITK	PLCG1	post_translational	T_CD4+,T_CD4+_TfH,T_CD4+_TfH_GC,T_Treg,T_TfR,T_CD4+_naive,T_CD8+_naive,T_CD8+_cytotoxic,T_CD8+_CD161+	T_CD4+,T_CD4+_TfH_GC,T_TfR,T_CD4+_naive,T_CD8+_naive,T_CD8+_cytotoxic,NKT
PTPN2	STAT1	post_translational	T_CD4+_TfH_GC,T_TfR,NK,DC_pDC	B_IFN,T_CD4+,T_Treg,T_TfR,T_TIM3+,T_CD4+_naive,T_CD8+_naive,T_CD8+_cytotoxic,NKT,NK,DC_cDC2,Monocytes,Macrophages_M1,Macrophages_M2
LCK	IL2RB	post_translational	T_CD4+,T_CD4+_TfH,T_CD4+_TfH_GC,T_Treg,T_TfR,T_TIM3+,T_CD4+_naive,T_CD8+_naive,T_CD8+_cytotoxic,T_CD8+_CD161+,NKT	T_CD4+_TfH,T_CD4+_TfH_GC,T_Treg,T_TfR,T_CD8+_cytotoxic,T_CD8+_CD161+,NKT,NK,ILC
IL2RB	LCK	post_translational	T_CD4+_TfH,T_CD4+_TfH_GC,T_Treg,T_TfR,T_CD8+_cytotoxic,T_CD8+_CD161+,NKT,NK,ILC	T_CD4+,T_CD4+_TfH,T_CD4+_TfH_GC,T_Treg,T_TfR,T_TIM3+,T_CD4+_naive,T_CD8+_naive,T_CD8+_cytotoxic,T_CD8+_CD161+,NKT
TNFAIP3	TRADD	post_translational	T_CD4+,T_CD4+_TfH,T_Treg,T_TfR,T_CD4+_naive,T_CD8+_naive,T_CD8+_cytotoxic,T_CD8+_CD161+,NKT,NK,ILC,DC_CCR7+,Mast	B_plasma,T_CD4+,T_CD4+_TfH,T_CD8+_CD161+,NKT,DC_cDC2,DC_CCR7+,Macrophages_M1
CDKN1B	CCND3	post_translational	B_activated,T_CD4+,T_CD4+_TfH,T_Treg,T_CD4+_naive,T_CD8+_naive,T_CD8+_cytotoxic,T_CD8+_CD161+	B_Cycling,T_CD4+,T_CD4+_TfH_GC,T_Treg,T_CD4+_naive,T_CD8+_naive,T_CD8+_CD161+,NKT,NK,ILC
CD3G	CD3E	post_translational	T_CD4+,T_CD4+_TfH,T_CD4+_TfH_GC,T_Treg,T_TfR,T_TIM3+,T_CD4+_naive,T_CD8+_naive,T_CD8+_cytotoxic,T_CD8+_CD161+,NKT	T_CD4+,T_CD4+_TfH,T_CD4+_TfH_GC,T_Treg,T_TfR,T_TIM3+,T_CD4+_naive,T_CD8+_naive,T_CD8+_cytotoxic,T_CD8+_CD161+,NKT
CD8A	LCK	post_translational	T_CD8+_naive,T_CD8+_cytotoxic,T_CD8+_CD161+,NKT	T_CD4+,T_CD4+_TfH,T_CD4+_TfH_GC,T_Treg,T_TfR,T_TIM3+,T_CD4+_naive,T_CD8+_naive,T_CD8+_cytotoxic,T_CD8+_CD161+,NKT
LCK	CD8A	post_translational	T_CD4+,T_CD4+_TfH,T_CD4+_TfH_GC,T_Treg,T_TfR,T_TIM3+,T_CD4+_naive,T_CD8+_naive,T_CD8+_cytotoxic,T_CD8+_CD161+,NKT	T_CD8+_naive,T_CD8+_cytotoxic,T_CD8+_CD161+,NKT
CD247	ZAP70	post_translational	T_CD4+,T_CD4+_TfH,T_CD4+_TfH_GC,T_Treg,T_TfR,T_TIM3+,T_CD4+_naive,T_CD8+_naive,T_CD8+_cytotoxic,T_CD8+_CD161+,NKT,NK	T_CD4+,T_CD4+_TfH,T_CD4+_TfH_GC,T_Treg,T_TfR,T_TIM3+,T_CD4+_naive,T_CD8+_naive,T_CD8+_cytotoxic,T_CD8+_CD161+,NKT,NK
ZAP70	CD247	post_translational	T_CD4+,T_CD4+_TfH,T_CD4+_TfH_GC,T_Treg,T_TfR,T_TIM3+,T_CD4+_naive,T_CD8+_naive,T_CD8+_cytotoxic,T_CD8+_CD161+,NKT,NK	T_CD4+,T_CD4+_TfH,T_CD4+_TfH_GC,T_Treg,T_TfR,T_TIM3+,T_CD4+_naive,T_CD8+_naive,T_CD8+_cytotoxic,T_CD8+_CD161+,NKT,NK
CARD11	MALT1	post_translational	B_mem,DC_pDC	T_CD4+_TfH,T_CD4+_TfH_GC,T_TfR,T_CD8+_CD161+,DC_CCR7+,FDC
FYN	ZAP70	post_translational	T_CD4+,T_CD4+_TfH,T_CD4+_TfH_GC,T_Treg,T_TfR,T_TIM3+,T_CD8+_cytotoxic,T_CD8+_CD161+,NKT,NK,ILC	T_CD4+,T_CD4+_TfH,T_CD4+_TfH_GC,T_Treg,T_TfR,T_TIM3+,T_CD4+_naive,T_CD8+_naive,T_CD8+_cytotoxic,T_CD8+_CD161+,NKT,NK
LCK	SH2D2A	post_translational	T_CD4+,T_CD4+_TfH,T_CD4+_TfH_GC,T_Treg,T_TfR,T_TIM3+,T_CD4+_naive,T_CD8+_naive,T_CD8+_cytotoxic,T_CD8+_CD161+,NKT	T_CD4+,T_CD4+_TfH,T_Treg,T_TfR,T_TIM3+,T_CD8+_naive,T_CD8+_cytotoxic,T_CD8+_CD161+,NKT,NK
SH2D2A	LCK	post_translational	T_CD4+,T_CD4+_TfH,T_Treg,T_TfR,T_TIM3+,T_CD8+_naive,T_CD8+_cytotoxic,T_CD8+_CD161+,NKT,NK	T_CD4+,T_CD4+_TfH,T_CD4+_TfH_GC,T_Treg,T_TfR,T_TIM3+,T_CD4+_naive,T_CD8+_naive,T_CD8+_cytotoxic,T_CD8+_CD161+,NKT
LCP2	PLCG1	post_translational	T_CD4+,T_CD4+_TfH,T_CD4+_TfH_GC,T_Treg,T_TfR,T_TIM3+,T_CD4+_naive,T_CD8+_naive,T_CD8+_cytotoxic,T_CD8+_CD161+,NKT,NK,ILC,DC_cDC2,Monocytes,Macrophages_M2	T_CD4+,T_CD4+_TfH_GC,T_TfR,T_CD4+_naive,T_CD8+_naive,T_CD8+_cytotoxic,NKT
IL2RB	STAT1	post_translational	T_CD4+_TfH,T_CD4+_TfH_GC,T_Treg,T_TfR,T_CD8+_cytotoxic,T_CD8+_CD161+,NKT,NK,ILC	B_IFN,T_CD4+,T_Treg,T_TfR,T_TIM3+,T_CD4+_naive,T_CD8+_naive,T_CD8+_cytotoxic,NKT,NK,DC_cDC2,Monocytes,Macrophages_M1,Macrophages_M2
LAT	PLCG1	post_translational	T_CD4+,T_CD4+_TfH,T_CD4+_TfH_GC,T_Treg,T_TfR,T_TIM3+,T_CD4+_naive,T_CD8+_naive,T_CD8+_cytotoxic,T_CD8+_CD161+,NKT	T_CD4+,T_CD4+_TfH_GC,T_TfR,T_CD4+_naive,T_CD8+_naive,T_CD8+_cytotoxic,NKT
PLCG1	LAT	post_translational	T_CD4+,T_CD4+_TfH_GC,T_TfR,T_CD4+_naive,T_CD8+_naive,T_CD8+_cytotoxic,NKT	T_CD4+,T_CD4+_TfH,T_CD4+_TfH_GC,T_Treg,T_TfR,T_TIM3+,T_CD4+_naive,T_CD8+_naive,T_CD8+_cytotoxic,T_CD8+_CD161+,NKT
TRADD	TRAF1	post_translational	B_plasma,T_CD4+,T_CD4+_TfH,T_CD8+_CD161+,NKT,DC_cDC2,DC_CCR7+,Macrophages_M1	T_CD4+,T_CD4+_TfH,T_CD4+_TfH_GC,T_Treg,T_TfR,T_CD8+_cytotoxic,T_CD8+_CD161+,NKT,DC_CCR7+
ZAP70	PLCG1	post_translational	T_CD4+,T_CD4+_TfH,T_CD4+_TfH_GC,T_Treg,T_TfR,T_TIM3+,T_CD4+_naive,T_CD8+_naive,T_CD8+_cytotoxic,T_CD8+_CD161+,NKT,NK	T_CD4+,T_CD4+_TfH_GC,T_TfR,T_CD4+_naive,T_CD8+_naive,T_CD8+_cytotoxic,NKT
ITK	LCP2	post_translational	T_CD4+,T_CD4+_TfH,T_CD4+_TfH_GC,T_Treg,T_TfR,T_CD4+_naive,T_CD8+_naive,T_CD8+_cytotoxic,T_CD8+_CD161+	T_CD4+,T_CD4+_TfH,T_CD4+_TfH_GC,T_Treg,T_TfR,T_TIM3+,T_CD4+_naive,T_CD8+_naive,T_CD8+_cytotoxic,T_CD8+_CD161+,NKT,NK,ILC,DC_cDC2,Monocytes,Macrophages_M2
LAT	GRAP2	post_translational	T_CD4+,T_CD4+_TfH,T_CD4+_TfH_GC,T_Treg,T_TfR,T_TIM3+,T_CD4+_naive,T_CD8+_naive,T_CD8+_cytotoxic,T_CD8+_CD161+,NKT	T_CD4+,T_CD4+_TfH,T_TIM3+,T_CD4+_naive,T_CD8+_naive,T_CD8+_cytotoxic,T_CD8+_CD161+,NKT,Mast
CD28	GRAP2	post_translational	T_CD4+,T_CD4+_TfH,T_CD4+_TfH_GC,T_Treg,T_TfR,T_TIM3+,T_CD4+_naive,T_CD8+_naive,T_CD8+_cytotoxic,T_CD8+_CD161+,NKT	T_CD4+,T_CD4+_TfH,T_TIM3+,T_CD4+_naive,T_CD8+_naive,T_CD8+_cytotoxic,T_CD8+_CD161+,NKT,Mast
ZAP70	DEF6	post_translational	T_CD4+,T_CD4+_TfH,T_CD4+_TfH_GC,T_Treg,T_TfR,T_TIM3+,T_CD4+_naive,T_CD8+_naive,T_CD8+_cytotoxic,T_CD8+_CD161+,NKT,NK	T_CD4+,T_Treg,T_TfR,T_TIM3+,T_CD4+_naive,T_CD8+_naive,T_CD8+_cytotoxic,NKT,NK
CD8A	LAT	post_translational	T_CD8+_naive,T_CD8+_cytotoxic,T_CD8+_CD161+,NKT	T_CD4+,T_CD4+_TfH,T_CD4+_TfH_GC,T_Treg,T_TfR,T_TIM3+,T_CD4+_naive,T_CD8+_naive,T_CD8+_cytotoxic,T_CD8+_CD161+,NKT
CD3E	ZAP70	post_translational	T_CD4+,T_CD4+_TfH,T_CD4+_TfH_GC,T_Treg,T_TfR,T_TIM3+,T_CD4+_naive,T_CD8+_naive,T_CD8+_cytotoxic,T_CD8+_CD161+,NKT	T_CD4+,T_CD4+_TfH,T_CD4+_TfH_GC,T_Treg,T_TfR,T_TIM3+,T_CD4+_naive,T_CD8+_naive,T_CD8+_cytotoxic,T_CD8+_CD161+,NKT,NK
ZAP70	CD3E	post_translational	T_CD4+,T_CD4+_TfH,T_CD4+_TfH_GC,T_Treg,T_TfR,T_TIM3+,T_CD4+_naive,T_CD8+_naive,T_CD8+_cytotoxic,T_CD8+_CD161+,NKT,NK	T_CD4+,T_CD4+_TfH,T_CD4+_TfH_GC,T_Treg,T_TfR,T_TIM3+,T_CD4+_naive,T_CD8+_naive,T_CD8+_cytotoxic,T_CD8+_CD161+,NKT
ZAP70	CD5	post_translational	T_CD4+,T_CD4+_TfH,T_CD4+_TfH_GC,T_Treg,T_TfR,T_TIM3+,T_CD4+_naive,T_CD8+_naive,T_CD8+_cytotoxic,T_CD8+_CD161+,NKT,NK	T_CD4+,T_CD4+_TfH,T_CD4+_TfH_GC,T_Treg,T_TfR,T_TIM3+,T_CD4+_naive,T_CD8+_naive,T_CD8+_cytotoxic,T_CD8+_CD161+
ZAP70	SLA	post_translational	T_CD4+,T_CD4+_TfH,T_CD4+_TfH_GC,T_Treg,T_TfR,T_TIM3+,T_CD4+_naive,T_CD8+_naive,T_CD8+_cytotoxic,T_CD8+_CD161+,NKT,NK	T_CD4+_TfH,T_CD4+_TfH_GC,T_Treg,T_TfR,T_TIM3+,T_CD4+_naive,T_CD8+_cytotoxic,T_CD8+_CD161+,NK,ILC,Macrophages_M2
FYN	IL7R	post_translational	T_CD4+,T_CD4+_TfH,T_CD4+_TfH_GC,T_Treg,T_TfR,T_TIM3+,T_CD8+_cytotoxic,T_CD8+_CD161+,NKT,NK,ILC	T_CD4+,T_CD4+_TfH,T_Treg,T_CD4+_naive,T_CD8+_naive,T_CD8+_cytotoxic,T_CD8+_CD161+,NKT,ILC,DC_CCR7+
IL7R	FYN	post_translational	T_CD4+,T_CD4+_TfH,T_Treg,T_CD4+_naive,T_CD8+_naive,T_CD8+_cytotoxic,T_CD8+_CD161+,NKT,ILC,DC_CCR7+	T_CD4+,T_CD4+_TfH,T_CD4+_TfH_GC,T_Treg,T_TfR,T_TIM3+,T_CD8+_cytotoxic,T_CD8+_CD161+,NKT,NK,ILC
CD28	VAV1	post_translational	T_CD4+,T_CD4+_TfH,T_CD4+_TfH_GC,T_Treg,T_TfR,T_TIM3+,T_CD4+_naive,T_CD8+_naive,T_CD8+_cytotoxic,T_CD8+_CD161+,NKT	Macrophages_M2
STAT1	IRF9	post_translational	B_IFN,T_CD4+,T_Treg,T_TfR,T_TIM3+,T_CD4+_naive,T_CD8+_naive,T_CD8+_cytotoxic,NKT,NK,DC_cDC2,Monocytes,Macrophages_M1,Macrophages_M2	B_IFN,T_CD4+_TfH,T_Treg,T_CD4+_naive,ILC
STAT2	IRF9	post_translational	B_IFN,B_naive,B_plasma,DC_pDC,Monocytes,Macrophages_M1	B_IFN,T_CD4+_TfH,T_Treg,T_CD4+_naive,ILC
IRF9	STAT2	post_translational	B_IFN,T_CD4+_TfH,T_Treg,T_CD4+_naive,ILC	B_IFN,B_naive,B_plasma,DC_pDC,Monocytes,Macrophages_M1
CD3D	CD3E	post_translational	T_CD4+,T_CD4+_TfH,T_CD4+_TfH_GC,T_Treg,T_TfR,T_TIM3+,T_CD4+_naive,T_CD8+_naive,T_CD8+_cytotoxic,T_CD8+_CD161+,NKT	T_CD4+,T_CD4+_TfH,T_CD4+_TfH_GC,T_Treg,T_TfR,T_TIM3+,T_CD4+_naive,T_CD8+_naive,T_CD8+_cytotoxic,T_CD8+_CD161+,NKT
GRAP2	LCP2	post_translational	T_CD4+,T_CD4+_TfH,T_TIM3+,T_CD4+_naive,T_CD8+_naive,T_CD8+_cytotoxic,T_CD8+_CD161+,NKT,Mast	T_CD4+,T_CD4+_TfH,T_CD4+_TfH_GC,T_Treg,T_TfR,T_TIM3+,T_CD4+_naive,T_CD8+_naive,T_CD8+_cytotoxic,T_CD8+_CD161+,NKT,NK,ILC,DC_cDC2,Monocytes,Macrophages_M2
ZAP70	LAT	post_translational	T_CD4+,T_CD4+_TfH,T_CD4+_TfH_GC,T_Treg,T_TfR,T_TIM3+,T_CD4+_naive,T_CD8+_naive,T_CD8+_cytotoxic,T_CD8+_CD161+,NKT,NK	T_CD4+,T_CD4+_TfH,T_CD4+_TfH_GC,T_Treg,T_TfR,T_TIM3+,T_CD4+_naive,T_CD8+_naive,T_CD8+_cytotoxic,T_CD8+_CD161+,NKT
LCK	ITK	post_translational	T_CD4+,T_CD4+_TfH,T_CD4+_TfH_GC,T_Treg,T_TfR,T_TIM3+,T_CD4+_naive,T_CD8+_naive,T_CD8+_cytotoxic,T_CD8+_CD161+,NKT	T_CD4+,T_CD4+_TfH,T_CD4+_TfH_GC,T_Treg,T_TfR,T_CD4+_naive,T_CD8+_naive,T_CD8+_cytotoxic,T_CD8+_CD161+
ITK	LCK	post_translational	T_CD4+,T_CD4+_TfH,T_CD4+_TfH_GC,T_Treg,T_TfR,T_CD4+_naive,T_CD8+_naive,T_CD8+_cytotoxic,T_CD8+_CD161+	T_CD4+,T_CD4+_TfH,T_CD4+_TfH_GC,T_Treg,T_TfR,T_TIM3+,T_CD4+_naive,T_CD8+_naive,T_CD8+_cytotoxic,T_CD8+_CD161+,NKT
CCL19	CCR7	post_translational	DC_CCR7+,Macrophages_M1,FDC	T_CD4+,T_CD4+_TfH,T_Treg,T_CD4+_naive,T_CD8+_naive,DC_CCR7+
TCF7	LEF1	post_translational	T_CD4+,T_CD4+_TfH,T_CD4+_TfH_GC,T_TIM3+,T_CD4+_naive,T_CD8+_naive,T_CD8+_CD161+,ILC	T_CD4+,T_CD4+_TfH,T_Treg,T_TIM3+,T_CD4+_naive,T_CD8+_naive,T_CD8+_CD161+
PRKCA	TIAM1	post_translational	T_CD4+_TfH,T_Treg,T_CD4+_naive,T_CD8+_naive,T_CD8+_CD161+,ILC,DC_cDC2,Mast	T_CD4+_TfH,T_CD4+_TfH_GC,T_Treg,T_TfR,T_CD4+_naive,ILC
TIAM1	PRKCA	post_translational	T_CD4+_TfH,T_CD4+_TfH_GC,T_Treg,T_TfR,T_CD4+_naive,ILC	T_CD4+_TfH,T_Treg,T_CD4+_naive,T_CD8+_naive,T_CD8+_CD161+,ILC,DC_cDC2,Mast
LCK	PLCG1	post_translational	T_CD4+,T_CD4+_TfH,T_CD4+_TfH_GC,T_Treg,T_TfR,T_TIM3+,T_CD4+_naive,T_CD8+_naive,T_CD8+_cytotoxic,T_CD8+_CD161+,NKT	T_CD4+,T_CD4+_TfH_GC,T_TfR,T_CD4+_naive,T_CD8+_naive,T_CD8+_cytotoxic,NKT
FYN	PLCG1	post_translational	T_CD4+,T_CD4+_TfH,T_CD4+_TfH_GC,T_Treg,T_TfR,T_TIM3+,T_CD8+_cytotoxic,T_CD8+_CD161+,NKT,NK,ILC	T_CD4+,T_CD4+_TfH_GC,T_TfR,T_CD4+_naive,T_CD8+_naive,T_CD8+_cytotoxic,NKT
PLCG1	FYN	post_translational	T_CD4+,T_CD4+_TfH_GC,T_TfR,T_CD4+_naive,T_CD8+_naive,T_CD8+_cytotoxic,NKT	T_CD4+,T_CD4+_TfH,T_CD4+_TfH_GC,T_Treg,T_TfR,T_TIM3+,T_CD8+_cytotoxic,T_CD8+_CD161+,NKT,NK,ILC
CASP4	CASP1	post_translational	B_IFN,B_naive,B_mem,T_TfR,T_CD8+_cytotoxic,NKT,NK,Monocytes	B_IFN,T_CD4+,T_Treg,T_CD8+_cytotoxic,NKT,NK,DC_cDC2,Monocytes,Macrophages_M1,Macrophages_M2
STAT2	STAT1	post_translational	B_IFN,B_naive,B_plasma,DC_pDC,Monocytes,Macrophages_M1	B_IFN,T_CD4+,T_Treg,T_TfR,T_TIM3+,T_CD4+_naive,T_CD8+_naive,T_CD8+_cytotoxic,NKT,NK,DC_cDC2,Monocytes,Macrophages_M1,Macrophages_M2
PRKCA	CD5	post_translational	T_CD4+_TfH,T_Treg,T_CD4+_naive,T_CD8+_naive,T_CD8+_CD161+,ILC,DC_cDC2,Mast	T_CD4+,T_CD4+_TfH,T_CD4+_TfH_GC,T_Treg,T_TfR,T_TIM3+,T_CD4+_naive,T_CD8+_naive,T_CD8+_cytotoxic,T_CD8+_CD161+
ATM	PPP1R2	post_translational	B_GC_DZ,T_CD4+_TfH,T_CD4+_naive,T_CD8+_naive,T_CD8+_cytotoxic	T_CD4+,T_CD4+_TfH,T_CD4+_TfH_GC,T_Treg,T_TfR,T_CD4+_naive,T_CD8+_naive,T_CD8+_cytotoxic,T_CD8+_CD161+
PIM1	CDKN1B	post_translational	B_GC_DZ,B_plasma,T_CD4+_TfH,T_Treg,T_CD4+_naive,T_CD8+_naive,T_CD8+_CD161+,NKT,NK,Mast	B_activated,T_CD4+,T_CD4+_TfH,T_Treg,T_CD4+_naive,T_CD8+_naive,T_CD8+_cytotoxic,T_CD8+_CD161+
LCK	DEF6	post_translational	T_CD4+,T_CD4+_TfH,T_CD4+_TfH_GC,T_Treg,T_TfR,T_TIM3+,T_CD4+_naive,T_CD8+_naive,T_CD8+_cytotoxic,T_CD8+_CD161+,NKT	T_CD4+,T_Treg,T_TfR,T_TIM3+,T_CD4+_naive,T_CD8+_naive,T_CD8+_cytotoxic,NKT,NK
FYN	CD5	post_translational	T_CD4+,T_CD4+_TfH,T_CD4+_TfH_GC,T_Treg,T_TfR,T_TIM3+,T_CD8+_cytotoxic,T_CD8+_CD161+,NKT,NK,ILC	T_CD4+,T_CD4+_TfH,T_CD4+_TfH_GC,T_Treg,T_TfR,T_TIM3+,T_CD4+_naive,T_CD8+_naive,T_CD8+_cytotoxic,T_CD8+_CD161+
LCK	CD5	post_translational	T_CD4+,T_CD4+_TfH,T_CD4+_TfH_GC,T_Treg,T_TfR,T_TIM3+,T_CD4+_naive,T_CD8+_naive,T_CD8+_cytotoxic,T_CD8+_CD161+,NKT	T_CD4+,T_CD4+_TfH,T_CD4+_TfH_GC,T_Treg,T_TfR,T_TIM3+,T_CD4+_naive,T_CD8+_naive,T_CD8+_cytotoxic,T_CD8+_CD161+
LCK	CD3G	post_translational	T_CD4+,T_CD4+_TfH,T_CD4+_TfH_GC,T_Treg,T_TfR,T_TIM3+,T_CD4+_naive,T_CD8+_naive,T_CD8+_cytotoxic,T_CD8+_CD161+,NKT	T_CD4+,T_CD4+_TfH,T_CD4+_TfH_GC,T_Treg,T_TfR,T_TIM3+,T_CD4+_naive,T_CD8+_naive,T_CD8+_cytotoxic,T_CD8+_CD161+,NKT
LCK	CD3E	post_translational	T_CD4+,T_CD4+_TfH,T_CD4+_TfH_GC,T_Treg,T_TfR,T_TIM3+,T_CD4+_naive,T_CD8+_naive,T_CD8+_cytotoxic,T_CD8+_CD161+,NKT	T_CD4+,T_CD4+_TfH,T_CD4+_TfH_GC,T_Treg,T_TfR,T_TIM3+,T_CD4+_naive,T_CD8+_naive,T_CD8+_cytotoxic,T_CD8+_CD161+,NKT
FYN	LAT	post_translational	T_CD4+,T_CD4+_TfH,T_CD4+_TfH_GC,T_Treg,T_TfR,T_TIM3+,T_CD8+_cytotoxic,T_CD8+_CD161+,NKT,NK,ILC	T_CD4+,T_CD4+_TfH,T_CD4+_TfH_GC,T_Treg,T_TfR,T_TIM3+,T_CD4+_naive,T_CD8+_naive,T_CD8+_cytotoxic,T_CD8+_CD161+,NKT
LCK	LAT	post_translational	T_CD4+,T_CD4+_TfH,T_CD4+_TfH_GC,T_Treg,T_TfR,T_TIM3+,T_CD4+_naive,T_CD8+_naive,T_CD8+_cytotoxic,T_CD8+_CD161+,NKT	T_CD4+,T_CD4+_TfH,T_CD4+_TfH_GC,T_Treg,T_TfR,T_TIM3+,T_CD4+_naive,T_CD8+_naive,T_CD8+_cytotoxic,T_CD8+_CD161+,NKT
PRKCA	ITPKB	post_translational	T_CD4+_TfH,T_Treg,T_CD4+_naive,T_CD8+_naive,T_CD8+_CD161+,ILC,DC_cDC2,Mast	B_GC_prePB,T_CD4+_TfH,T_CD4+_TfH_GC,T_TfR,T_CD4+_naive,T_CD8+_naive,T_CD8+_CD161+
LCK	CD3D	post_translational	T_CD4+,T_CD4+_TfH,T_CD4+_TfH_GC,T_Treg,T_TfR,T_TIM3+,T_CD4+_naive,T_CD8+_naive,T_CD8+_cytotoxic,T_CD8+_CD161+,NKT	T_CD4+,T_CD4+_TfH,T_CD4+_TfH_GC,T_Treg,T_TfR,T_TIM3+,T_CD4+_naive,T_CD8+_naive,T_CD8+_cytotoxic,T_CD8+_CD161+,NKT
LCK	CD28	post_translational	T_CD4+,T_CD4+_TfH,T_CD4+_TfH_GC,T_Treg,T_TfR,T_TIM3+,T_CD4+_naive,T_CD8+_naive,T_CD8+_cytotoxic,T_CD8+_CD161+,NKT	T_CD4+,T_CD4+_TfH,T_CD4+_TfH_GC,T_Treg,T_TfR,T_TIM3+,T_CD4+_naive,T_CD8+_naive,T_CD8+_cytotoxic,T_CD8+_CD161+,NKT
CD28	LCK	post_translational	T_CD4+,T_CD4+_TfH,T_CD4+_TfH_GC,T_Treg,T_TfR,T_TIM3+,T_CD4+_naive,T_CD8+_naive,T_CD8+_cytotoxic,T_CD8+_CD161+,NKT	T_CD4+,T_CD4+_TfH,T_CD4+_TfH_GC,T_Treg,T_TfR,T_TIM3+,T_CD4+_naive,T_CD8+_naive,T_CD8+_cytotoxic,T_CD8+_CD161+,NKT
IFNAR2	IRF9	post_translational	T_CD4+,T_CD4+_TfH,T_Treg,T_TIM3+,T_CD8+_naive,NKT,NK,ILC,DC_pDC,Monocytes,Macrophages_M2	B_IFN,T_CD4+_TfH,T_Treg,T_CD4+_naive,ILC
IRF9	IFNAR2	post_translational	B_IFN,T_CD4+_TfH,T_Treg,T_CD4+_naive,ILC	T_CD4+,T_CD4+_TfH,T_Treg,T_TIM3+,T_CD8+_naive,NKT,NK,ILC,DC_pDC,Monocytes,Macrophages_M2
LCK	DAPP1	post_translational	T_CD4+,T_CD4+_TfH,T_CD4+_TfH_GC,T_Treg,T_TfR,T_TIM3+,T_CD4+_naive,T_CD8+_naive,T_CD8+_cytotoxic,T_CD8+_CD161+,NKT	B_IFN,B_naive,B_activated,B_GC_LZ,B_GC_DZ,B_mem,DC_cDC2,DC_CCR7+,FDC
STK38	AAK1	post_translational	T_CD4+,T_Treg,T_CD4+_naive,T_CD8+_naive,T_CD8+_cytotoxic,NKT,NK	T_CD4+,T_CD4+_TfH,T_Treg,T_TfR,T_TIM3+,T_CD4+_naive,T_CD8+_naive,T_CD8+_cytotoxic,T_CD8+_CD161+,NKT,NK,ILC
PRKCA	LCK	post_translational	T_CD4+_TfH,T_Treg,T_CD4+_naive,T_CD8+_naive,T_CD8+_CD161+,ILC,DC_cDC2,Mast	T_CD4+,T_CD4+_TfH,T_CD4+_TfH_GC,T_Treg,T_TfR,T_TIM3+,T_CD4+_naive,T_CD8+_naive,T_CD8+_cytotoxic,T_CD8+_CD161+,NKT
CASP4	GSDMD	post_translational	B_IFN,B_naive,B_mem,T_TfR,T_CD8+_cytotoxic,NKT,NK,Monocytes	T_TIM3+,T_CD8+_cytotoxic,NKT,Macrophages_M1,Macrophages_M2,Endo
PRKCA	DGKZ	post_translational	T_CD4+_TfH,T_Treg,T_CD4+_naive,T_CD8+_naive,T_CD8+_CD161+,ILC,DC_cDC2,Mast	T_CD4+,T_CD4+_TfH_GC,T_Treg,T_TfR,T_TIM3+,T_CD4+_naive,T_CD8+_naive,T_CD8+_cytotoxic,NKT,NK,DC_pDC
CASP1	GSDMD	post_translational	B_IFN,T_CD4+,T_Treg,T_CD8+_cytotoxic,NKT,NK,DC_cDC2,Monocytes,Macrophages_M1,Macrophages_M2	T_TIM3+,T_CD8+_cytotoxic,NKT,Macrophages_M1,Macrophages_M2,Endo
PTPN2	FYN	post_translational	T_CD4+_TfH_GC,T_TfR,NK,DC_pDC	T_CD4+,T_CD4+_TfH,T_CD4+_TfH_GC,T_Treg,T_TfR,T_TIM3+,T_CD8+_cytotoxic,T_CD8+_CD161+,NKT,NK,ILC
LCK	FOXP3	post_translational	T_CD4+,T_CD4+_TfH,T_CD4+_TfH_GC,T_Treg,T_TfR,T_TIM3+,T_CD4+_naive,T_CD8+_naive,T_CD8+_cytotoxic,T_CD8+_CD161+,NKT	T_Treg,T_TfR
FYN	RPS6KA3	post_translational	T_CD4+,T_CD4+_TfH,T_CD4+_TfH_GC,T_Treg,T_TfR,T_TIM3+,T_CD8+_cytotoxic,T_CD8+_CD161+,NKT,NK,ILC	T_CD4+_TfH,T_CD8+_CD161+,NKT,NK,ILC,DC_pDC
FYN	PRKCA	post_translational	T_CD4+,T_CD4+_TfH,T_CD4+_TfH_GC,T_Treg,T_TfR,T_TIM3+,T_CD8+_cytotoxic,T_CD8+_CD161+,NKT,NK,ILC	T_CD4+_TfH,T_Treg,T_CD4+_naive,T_CD8+_naive,T_CD8+_CD161+,ILC,DC_cDC2,Mast
PRKCA	FYN	post_translational	T_CD4+_TfH,T_Treg,T_CD4+_naive,T_CD8+_naive,T_CD8+_CD161+,ILC,DC_cDC2,Mast	T_CD4+,T_CD4+_TfH,T_CD4+_TfH_GC,T_Treg,T_TfR,T_TIM3+,T_CD8+_cytotoxic,T_CD8+_CD161+,NKT,NK,ILC
FYN	PXN	post_translational	T_CD4+,T_CD4+_TfH,T_CD4+_TfH_GC,T_Treg,T_TfR,T_TIM3+,T_CD8+_cytotoxic,T_CD8+_CD161+,NKT,NK,ILC	T_CD4+,T_CD4+_TfH,T_Treg,T_CD4+_naive,T_CD8+_naive,T_CD8+_cytotoxic,T_CD8+_CD161+,NKT,NK,Macrophages_M2,Endo
PXN	FYN	post_translational	T_CD4+,T_CD4+_TfH,T_Treg,T_CD4+_naive,T_CD8+_naive,T_CD8+_cytotoxic,T_CD8+_CD161+,NKT,NK,Macrophages_M2,Endo	T_CD4+,T_CD4+_TfH,T_CD4+_TfH_GC,T_Treg,T_TfR,T_TIM3+,T_CD8+_cytotoxic,T_CD8+_CD161+,NKT,NK,ILC
FYN	SPN	post_translational	T_CD4+,T_CD4+_TfH,T_CD4+_TfH_GC,T_Treg,T_TfR,T_TIM3+,T_CD8+_cytotoxic,T_CD8+_CD161+,NKT,NK,ILC	T_CD4+,T_CD4+_TfH,T_CD4+_TfH_GC,T_Treg,T_TfR,T_TIM3+,T_CD4+_naive,T_CD8+_naive,T_CD8+_cytotoxic,T_CD8+_CD161+,NKT,NK,ILC,DC_pDC,DC_cDC2,Monocytes,Mast
CD5	TNFRSF25	post_translational	T_CD4+,T_CD4+_TfH,T_CD4+_TfH_GC,T_Treg,T_TfR,T_TIM3+,T_CD4+_naive,T_CD8+_naive,T_CD8+_cytotoxic,T_CD8+_CD161+	T_CD4+,T_CD4+_TfH,T_CD4+_TfH_GC,T_Treg,T_TfR,T_CD4+_naive,T_CD8+_naive,T_CD8+_CD161+,NKT,ILC
FYN	CD3E	post_translational	T_CD4+,T_CD4+_TfH,T_CD4+_TfH_GC,T_Treg,T_TfR,T_TIM3+,T_CD8+_cytotoxic,T_CD8+_CD161+,NKT,NK,ILC	T_CD4+,T_CD4+_TfH,T_CD4+_TfH_GC,T_Treg,T_TfR,T_TIM3+,T_CD4+_naive,T_CD8+_naive,T_CD8+_cytotoxic,T_CD8+_CD161+,NKT
PRKCA	PIM1	post_translational	T_CD4+_TfH,T_Treg,T_CD4+_naive,T_CD8+_naive,T_CD8+_CD161+,ILC,DC_cDC2,Mast	B_GC_DZ,B_plasma,T_CD4+_TfH,T_Treg,T_CD4+_naive,T_CD8+_naive,T_CD8+_CD161+,NKT,NK,Mast
ITK	DEF6	post_translational	T_CD4+,T_CD4+_TfH,T_CD4+_TfH_GC,T_Treg,T_TfR,T_CD4+_naive,T_CD8+_naive,T_CD8+_cytotoxic,T_CD8+_CD161+	T_CD4+,T_Treg,T_TfR,T_TIM3+,T_CD4+_naive,T_CD8+_naive,T_CD8+_cytotoxic,NKT,NK
ATM	APBB1	post_translational	B_GC_DZ,T_CD4+_TfH,T_CD4+_naive,T_CD8+_naive,T_CD8+_cytotoxic	T_CD4+_TfH,T_Treg,T_CD4+_naive,T_CD8+_naive
PRKCA	SPN	post_translational	T_CD4+_TfH,T_Treg,T_CD4+_naive,T_CD8+_naive,T_CD8+_CD161+,ILC,DC_cDC2,Mast	T_CD4+,T_CD4+_TfH,T_CD4+_TfH_GC,T_Treg,T_TfR,T_TIM3+,T_CD4+_naive,T_CD8+_naive,T_CD8+_cytotoxic,T_CD8+_CD161+,NKT,NK,ILC,DC_pDC,DC_cDC2,Monocytes,Mast
PRKCA	SLC9A3R1	post_translational	T_CD4+_TfH,T_Treg,T_CD4+_naive,T_CD8+_naive,T_CD8+_CD161+,ILC,DC_cDC2,Mast	T_CD4+,T_CD4+_TfH,T_CD4+_TfH_GC,T_Treg,T_TfR,T_TIM3+,T_CD4+_naive,T_CD8+_naive,T_CD8+_cytotoxic,T_CD8+_CD161+,NKT,NK
LCK	TIGIT	post_translational	T_CD4+,T_CD4+_TfH,T_CD4+_TfH_GC,T_Treg,T_TfR,T_TIM3+,T_CD4+_naive,T_CD8+_naive,T_CD8+_cytotoxic,T_CD8+_CD161+,NKT	T_CD4+_TfH,T_CD4+_TfH_GC,T_Treg,T_TfR,T_TIM3+,T_CD8+_cytotoxic,NK
PRKCA	SATB1	post_translational	T_CD4+_TfH,T_Treg,T_CD4+_naive,T_CD8+_naive,T_CD8+_CD161+,ILC,DC_cDC2,Mast	T_CD4+_TfH,T_TfR,T_CD4+_naive,T_CD8+_naive,T_CD8+_CD161+,NKT,NK,ILC
PRKCA	KCNAB2	post_translational	T_CD4+_TfH,T_Treg,T_CD4+_naive,T_CD8+_naive,T_CD8+_CD161+,ILC,DC_cDC2,Mast	T_CD4+,T_Treg,T_TfR,T_TIM3+,T_CD8+_naive,T_CD8+_cytotoxic,NKT,NK
ATM	SMURF2	post_translational	B_GC_DZ,T_CD4+_TfH,T_CD4+_naive,T_CD8+_naive,T_CD8+_cytotoxic	NK
PRKCA	BCL11B	post_translational	T_CD4+_TfH,T_Treg,T_CD4+_naive,T_CD8+_naive,T_CD8+_CD161+,ILC,DC_cDC2,Mast	T_CD4+,T_CD4+_TfH,T_CD4+_TfH_GC,T_Treg,T_TfR,T_TIM3+,T_CD4+_naive,T_CD8+_naive,T_CD8+_cytotoxic,T_CD8+_CD161+
PIM1	FOXP3	post_translational	B_GC_DZ,B_plasma,T_CD4+_TfH,T_Treg,T_CD4+_naive,T_CD8+_naive,T_CD8+_CD161+,NKT,NK,Mast	T_Treg,T_TfR
FYN	PTPRJ	post_translational	T_CD4+,T_CD4+_TfH,T_CD4+_TfH_GC,T_Treg,T_TfR,T_TIM3+,T_CD8+_cytotoxic,T_CD8+_CD161+,NKT,NK,ILC	T_CD4+_TfH_GC,T_TfR,T_TIM3+,T_CD8+_cytotoxic,Monocytes,Macrophages_M1,Macrophages_M2
PTPRJ	FYN	post_translational	T_CD4+_TfH_GC,T_TfR,T_TIM3+,T_CD8+_cytotoxic,Monocytes,Macrophages_M1,Macrophages_M2	T_CD4+,T_CD4+_TfH,T_CD4+_TfH_GC,T_Treg,T_TfR,T_TIM3+,T_CD8+_cytotoxic,T_CD8+_CD161+,NKT,NK,ILC
FYN	CD2	post_translational	T_CD4+,T_CD4+_TfH,T_CD4+_TfH_GC,T_Treg,T_TfR,T_TIM3+,T_CD8+_cytotoxic,T_CD8+_CD161+,NKT,NK,ILC	T_CD4+,T_CD4+_TfH,T_CD4+_TfH_GC,T_Treg,T_TfR,T_TIM3+,T_CD4+_naive,T_CD8+_naive,T_CD8+_cytotoxic,T_CD8+_CD161+,NKT,NK
LCK	WAS	post_translational	T_CD4+,T_CD4+_TfH,T_CD4+_TfH_GC,T_Treg,T_TfR,T_TIM3+,T_CD4+_naive,T_CD8+_naive,T_CD8+_cytotoxic,T_CD8+_CD161+,NKT	B_IFN,B_GC_LZ,B_GC_DZ,DC_cDC2
LCK	STAT1	post_translational	T_CD4+,T_CD4+_TfH,T_CD4+_TfH_GC,T_Treg,T_TfR,T_TIM3+,T_CD4+_naive,T_CD8+_naive,T_CD8+_cytotoxic,T_CD8+_CD161+,NKT	B_IFN,T_CD4+,T_Treg,T_TfR,T_TIM3+,T_CD4+_naive,T_CD8+_naive,T_CD8+_cytotoxic,NKT,NK,DC_cDC2,Monocytes,Macrophages_M1,Macrophages_M2
ATM	ABLIM1	post_translational	B_GC_DZ,T_CD4+_TfH,T_CD4+_naive,T_CD8+_naive,T_CD8+_cytotoxic	T_CD4+,T_CD4+_naive,T_CD8+_naive
ATM	LAT	post_translational	B_GC_DZ,T_CD4+_TfH,T_CD4+_naive,T_CD8+_naive,T_CD8+_cytotoxic	T_CD4+,T_CD4+_TfH,T_CD4+_TfH_GC,T_Treg,T_TfR,T_TIM3+,T_CD4+_naive,T_CD8+_naive,T_CD8+_cytotoxic,T_CD8+_CD161+,NKT
ATM	TPR	post_translational	B_GC_DZ,T_CD4+_TfH,T_CD4+_naive,T_CD8+_naive,T_CD8+_cytotoxic	T_CD4+_TfH_GC,T_Treg,T_TfR,T_TIM3+
FYN	CD3G	post_translational	T_CD4+,T_CD4+_TfH,T_CD4+_TfH_GC,T_Treg,T_TfR,T_TIM3+,T_CD8+_cytotoxic,T_CD8+_CD161+,NKT,NK,ILC	T_CD4+,T_CD4+_TfH,T_CD4+_TfH_GC,T_Treg,T_TfR,T_TIM3+,T_CD4+_naive,T_CD8+_naive,T_CD8+_cytotoxic,T_CD8+_CD161+,NKT
LCK	FYN	post_translational	T_CD4+,T_CD4+_TfH,T_CD4+_TfH_GC,T_Treg,T_TfR,T_TIM3+,T_CD4+_naive,T_CD8+_naive,T_CD8+_cytotoxic,T_CD8+_CD161+,NKT	T_CD4+,T_CD4+_TfH,T_CD4+_TfH_GC,T_Treg,T_TfR,T_TIM3+,T_CD8+_cytotoxic,T_CD8+_CD161+,NKT,NK,ILC
FYN	LCK	post_translational	T_CD4+,T_CD4+_TfH,T_CD4+_TfH_GC,T_Treg,T_TfR,T_TIM3+,T_CD8+_cytotoxic,T_CD8+_CD161+,NKT,NK,ILC	T_CD4+,T_CD4+_TfH,T_CD4+_TfH_GC,T_Treg,T_TfR,T_TIM3+,T_CD4+_naive,T_CD8+_naive,T_CD8+_cytotoxic,T_CD8+_CD161+,NKT
FYN	LPXN	post_translational	T_CD4+,T_CD4+_TfH,T_CD4+_TfH_GC,T_Treg,T_TfR,T_TIM3+,T_CD8+_cytotoxic,T_CD8+_CD161+,NKT,NK,ILC	B_GC_LZ,B_GC_prePB,T_CD4+_TfH_GC,T_TIM3+,NKT
LCK	ITSN2	post_translational	T_CD4+,T_CD4+_TfH,T_CD4+_TfH_GC,T_Treg,T_TfR,T_TIM3+,T_CD4+_naive,T_CD8+_naive,T_CD8+_cytotoxic,T_CD8+_CD161+,NKT	B_activated,B_GC_LZ,B_GC_DZ,B_Cycling,FDC
LCK	PSTPIP1	post_translational	T_CD4+,T_CD4+_TfH,T_CD4+_TfH_GC,T_Treg,T_TfR,T_TIM3+,T_CD4+_naive,T_CD8+_naive,T_CD8+_cytotoxic,T_CD8+_CD161+,NKT	T_CD4+,T_CD4+_TfH,T_CD4+_TfH_GC,T_TfR,T_TIM3+,T_CD8+_cytotoxic,T_CD8+_CD161+,NKT,NK,DC_cDC1
PRKCA	ABLIM1	post_translational	T_CD4+_TfH,T_Treg,T_CD4+_naive,T_CD8+_naive,T_CD8+_CD161+,ILC,DC_cDC2,Mast	T_CD4+,T_CD4+_naive,T_CD8+_naive
PRKCA	CDC25B	post_translational	T_CD4+_TfH,T_Treg,T_CD4+_naive,T_CD8+_naive,T_CD8+_CD161+,ILC,DC_cDC2,Mast	B_Cycling,T_CD4+,T_Treg,T_TIM3+,T_CD4+_naive,T_CD8+_naive,T_CD8+_cytotoxic,NKT,Endo
PRKCA	CDKN1B	post_translational	T_CD4+_TfH,T_Treg,T_CD4+_naive,T_CD8+_naive,T_CD8+_CD161+,ILC,DC_cDC2,Mast	B_activated,T_CD4+,T_CD4+_TfH,T_Treg,T_CD4+_naive,T_CD8+_naive,T_CD8+_cytotoxic,T_CD8+_CD161+
PRKCA	PASK	post_translational	T_CD4+_TfH,T_Treg,T_CD4+_naive,T_CD8+_naive,T_CD8+_CD161+,ILC,DC_cDC2,Mast	T_CD4+,T_CD4+_TfH,T_CD4+_TfH_GC,T_TfR,T_CD4+_naive,T_CD8+_naive
PRKCA	RBL2	post_translational	T_CD4+_TfH,T_Treg,T_CD4+_naive,T_CD8+_naive,T_CD8+_CD161+,ILC,DC_cDC2,Mast	T_CD4+,T_CD4+_TfH,T_CD4+_TfH_GC,T_Treg,T_TIM3+,T_CD4+_naive,T_CD8+_naive,T_CD8+_cytotoxic,T_CD8+_CD161+,NKT
RPS6KA3	RPS6KA1	post_translational	T_CD4+_TfH,T_CD8+_CD161+,NKT,NK,ILC,DC_pDC	NK,DC_pDC,DC_cDC2
RPS6KA1	RPS6KA3	post_translational	NK,DC_pDC,DC_cDC2	T_CD4+_TfH,T_CD8+_CD161+,NKT,NK,ILC,DC_pDC
RPS6KA3	ABLIM1	post_translational	T_CD4+_TfH,T_CD8+_CD161+,NKT,NK,ILC,DC_pDC	T_CD4+,T_CD4+_naive,T_CD8+_naive
RPS6KA3	ARHGEF2	post_translational	T_CD4+_TfH,T_CD8+_CD161+,NKT,NK,ILC,DC_pDC	B_IFN,B_activated,DC_CCR7+,Macrophages_M1,Macrophages_M2
RPS6KA3	CDKN1B	post_translational	T_CD4+_TfH,T_CD8+_CD161+,NKT,NK,ILC,DC_pDC	B_activated,T_CD4+,T_CD4+_TfH,T_Treg,T_CD4+_naive,T_CD8+_naive,T_CD8+_cytotoxic,T_CD8+_CD161+
RPS6KA3	FNBP4	post_translational	T_CD4+_TfH,T_CD8+_CD161+,NKT,NK,ILC,DC_pDC	B_activated
RPS6KA3	IFNAR2	post_translational	T_CD4+_TfH,T_CD8+_CD161+,NKT,NK,ILC,DC_pDC	T_CD4+,T_CD4+_TfH,T_Treg,T_TIM3+,T_CD8+_naive,NKT,NK,ILC,DC_pDC,Monocytes,Macrophages_M2
RPS6KA3	LCP2	post_translational	T_CD4+_TfH,T_CD8+_CD161+,NKT,NK,ILC,DC_pDC	T_CD4+,T_CD4+_TfH,T_CD4+_TfH_GC,T_Treg,T_TfR,T_TIM3+,T_CD4+_naive,T_CD8+_naive,T_CD8+_cytotoxic,T_CD8+_CD161+,NKT,NK,ILC,DC_cDC2,Monocytes,Macrophages_M2
RPS6KA3	PDE3B	post_translational	T_CD4+_TfH,T_CD8+_CD161+,NKT,NK,ILC,DC_pDC	T_CD4+,T_CD4+_TfH,T_Treg,T_CD4+_naive,T_CD8+_naive,T_CD8+_cytotoxic,T_CD8+_CD161+,ILC
RPS6KA3	PKP4	post_translational	T_CD4+_TfH,T_CD8+_CD161+,NKT,NK,ILC,DC_pDC	Mast,Endo
RPS6KA3	PTPN7	post_translational	T_CD4+_TfH,T_CD8+_CD161+,NKT,NK,ILC,DC_pDC	B_GC_prePB,T_CD4+_TfH_GC,T_TfR,T_TIM3+,T_CD8+_cytotoxic,NK,ILC
RPS6KA3	RBL2	post_translational	T_CD4+_TfH,T_CD8+_CD161+,NKT,NK,ILC,DC_pDC	T_CD4+,T_CD4+_TfH,T_CD4+_TfH_GC,T_Treg,T_TIM3+,T_CD4+_naive,T_CD8+_naive,T_CD8+_cytotoxic,T_CD8+_CD161+,NKT
RPS6KA3	SLC9A3R1	post_translational	T_CD4+_TfH,T_CD8+_CD161+,NKT,NK,ILC,DC_pDC	T_CD4+,T_CD4+_TfH,T_CD4+_TfH_GC,T_Treg,T_TfR,T_TIM3+,T_CD4+_naive,T_CD8+_naive,T_CD8+_cytotoxic,T_CD8+_CD161+,NKT,NK
RPS6KA3	TRRAP	post_translational	T_CD4+_TfH,T_CD8+_CD161+,NKT,NK,ILC,DC_pDC	T_CD4+_TfH_GC,T_TfR
RPS6KA1	CDKN1B	post_translational	NK,DC_pDC,DC_cDC2	B_activated,T_CD4+,T_CD4+_TfH,T_Treg,T_CD4+_naive,T_CD8+_naive,T_CD8+_cytotoxic,T_CD8+_CD161+
FYN	CD28	post_translational	T_CD4+,T_CD4+_TfH,T_CD4+_TfH_GC,T_Treg,T_TfR,T_TIM3+,T_CD8+_cytotoxic,T_CD8+_CD161+,NKT,NK,ILC	T_CD4+,T_CD4+_TfH,T_CD4+_TfH_GC,T_Treg,T_TfR,T_TIM3+,T_CD4+_naive,T_CD8+_naive,T_CD8+_cytotoxic,T_CD8+_CD161+,NKT
ATM	CDKN1B	post_translational	B_GC_DZ,T_CD4+_TfH,T_CD4+_naive,T_CD8+_naive,T_CD8+_cytotoxic	B_activated,T_CD4+,T_CD4+_TfH,T_Treg,T_CD4+_naive,T_CD8+_naive,T_CD8+_cytotoxic,T_CD8+_CD161+
MAP3K14	TRAF5	post_translational	B_IFN,B_naive,DC_CCR7+	B_naive,B_activated,B_GC_DZ,B_mem
LCP2	WAS	post_translational	T_CD4+,T_CD4+_TfH,T_CD4+_TfH_GC,T_Treg,T_TfR,T_TIM3+,T_CD4+_naive,T_CD8+_naive,T_CD8+_cytotoxic,T_CD8+_CD161+,NKT,NK,ILC,DC_cDC2,Monocytes,Macrophages_M2	B_IFN,B_GC_LZ,B_GC_DZ,DC_cDC2
FYN	IL2RB	post_translational	T_CD4+,T_CD4+_TfH,T_CD4+_TfH_GC,T_Treg,T_TfR,T_TIM3+,T_CD8+_cytotoxic,T_CD8+_CD161+,NKT,NK,ILC	T_CD4+_TfH,T_CD4+_TfH_GC,T_Treg,T_TfR,T_CD8+_cytotoxic,T_CD8+_CD161+,NKT,NK,ILC
TRAF1	MAP3K14	post_translational	T_CD4+,T_CD4+_TfH,T_CD4+_TfH_GC,T_Treg,T_TfR,T_CD8+_cytotoxic,T_CD8+_CD161+,NKT,DC_CCR7+	B_IFN,B_naive,DC_CCR7+
MAP3K14	TRAF1	post_translational	B_IFN,B_naive,DC_CCR7+	T_CD4+,T_CD4+_TfH,T_CD4+_TfH_GC,T_Treg,T_TfR,T_CD8+_cytotoxic,T_CD8+_CD161+,NKT,DC_CCR7+
IFNAR2	STAT2	post_translational	T_CD4+,T_CD4+_TfH,T_Treg,T_TIM3+,T_CD8+_naive,NKT,NK,ILC,DC_pDC,Monocytes,Macrophages_M2	B_IFN,B_naive,B_plasma,DC_pDC,Monocytes,Macrophages_M1
CCL22	CCR7	post_translational	B_preGC,DC_CCR7+	T_CD4+,T_CD4+_TfH,T_Treg,T_CD4+_naive,T_CD8+_naive,DC_CCR7+
CCND3	RBL2	post_translational	B_Cycling,T_CD4+,T_CD4+_TfH_GC,T_Treg,T_CD4+_naive,T_CD8+_naive,T_CD8+_CD161+,NKT,NK,ILC	T_CD4+,T_CD4+_TfH,T_CD4+_TfH_GC,T_Treg,T_TIM3+,T_CD4+_naive,T_CD8+_naive,T_CD8+_cytotoxic,T_CD8+_CD161+,NKT
CD28	CD247	post_translational	T_CD4+,T_CD4+_TfH,T_CD4+_TfH_GC,T_Treg,T_TfR,T_TIM3+,T_CD4+_naive,T_CD8+_naive,T_CD8+_cytotoxic,T_CD8+_CD161+,NKT	T_CD4+,T_CD4+_TfH,T_CD4+_TfH_GC,T_Treg,T_TfR,T_TIM3+,T_CD4+_naive,T_CD8+_naive,T_CD8+_cytotoxic,T_CD8+_CD161+,NKT,NK
CD247	CD28	post_translational	T_CD4+,T_CD4+_TfH,T_CD4+_TfH_GC,T_Treg,T_TfR,T_TIM3+,T_CD4+_naive,T_CD8+_naive,T_CD8+_cytotoxic,T_CD8+_CD161+,NKT,NK	T_CD4+,T_CD4+_TfH,T_CD4+_TfH_GC,T_Treg,T_TfR,T_TIM3+,T_CD4+_naive,T_CD8+_naive,T_CD8+_cytotoxic,T_CD8+_CD161+,NKT
ITK	WAS	post_translational	T_CD4+,T_CD4+_TfH,T_CD4+_TfH_GC,T_Treg,T_TfR,T_CD4+_naive,T_CD8+_naive,T_CD8+_cytotoxic,T_CD8+_CD161+	B_IFN,B_GC_LZ,B_GC_DZ,DC_cDC2
ITK	SH2D2A	post_translational	T_CD4+,T_CD4+_TfH,T_CD4+_TfH_GC,T_Treg,T_TfR,T_CD4+_naive,T_CD8+_naive,T_CD8+_cytotoxic,T_CD8+_CD161+	T_CD4+,T_CD4+_TfH,T_Treg,T_TfR,T_TIM3+,T_CD8+_naive,T_CD8+_cytotoxic,T_CD8+_CD161+,NKT,NK
SH2D2A	ITK	post_translational	T_CD4+,T_CD4+_TfH,T_Treg,T_TfR,T_TIM3+,T_CD8+_naive,T_CD8+_cytotoxic,T_CD8+_CD161+,NKT,NK	T_CD4+,T_CD4+_TfH,T_CD4+_TfH_GC,T_Treg,T_TfR,T_CD4+_naive,T_CD8+_naive,T_CD8+_cytotoxic,T_CD8+_CD161+
FYN	STAT1	post_translational	T_CD4+,T_CD4+_TfH,T_CD4+_TfH_GC,T_Treg,T_TfR,T_TIM3+,T_CD8+_cytotoxic,T_CD8+_CD161+,NKT,NK,ILC	B_IFN,T_CD4+,T_Treg,T_TfR,T_TIM3+,T_CD4+_naive,T_CD8+_naive,T_CD8+_cytotoxic,NKT,NK,DC_cDC2,Monocytes,Macrophages_M1,Macrophages_M2
PRKCH	FYN	post_translational	T_CD4+,T_CD4+_TfH,T_CD4+_TfH_GC,T_Treg,T_TfR,T_TIM3+,T_CD4+_naive,T_CD8+_naive,T_CD8+_cytotoxic,T_CD8+_CD161+,NKT,NK,ILC	T_CD4+,T_CD4+_TfH,T_CD4+_TfH_GC,T_Treg,T_TfR,T_TIM3+,T_CD8+_cytotoxic,T_CD8+_CD161+,NKT,NK,ILC
PRKCH	FYN	post_translational	T_CD4+,T_CD4+_TfH,T_CD4+_TfH_GC,T_Treg,T_TfR,T_TIM3+,T_CD4+_naive,T_CD8+_naive,T_CD8+_cytotoxic,T_CD8+_CD161+,NKT,NK,ILC	T_CD4+,T_CD4+_TfH,T_CD4+_TfH_GC,T_Treg,T_TfR,T_TIM3+,T_CD8+_cytotoxic,T_CD8+_CD161+,NKT,NK,ILC
RBL2	DGKZ	post_translational	T_CD4+,T_CD4+_TfH,T_CD4+_TfH_GC,T_Treg,T_TIM3+,T_CD4+_naive,T_CD8+_naive,T_CD8+_cytotoxic,T_CD8+_CD161+,NKT	T_CD4+,T_CD4+_TfH_GC,T_Treg,T_TfR,T_TIM3+,T_CD4+_naive,T_CD8+_naive,T_CD8+_cytotoxic,NKT,NK,DC_pDC
FYN	FAS	post_translational	T_CD4+,T_CD4+_TfH,T_CD4+_TfH_GC,T_Treg,T_TfR,T_TIM3+,T_CD8+_cytotoxic,T_CD8+_CD161+,NKT,NK,ILC	T_CD4+,T_CD4+_TfH,T_CD4+_TfH_GC,T_Treg,T_TfR,T_CD8+_cytotoxic,T_CD8+_CD161+,NKT
LCK	FAS	post_translational	T_CD4+,T_CD4+_TfH,T_CD4+_TfH_GC,T_Treg,T_TfR,T_TIM3+,T_CD4+_naive,T_CD8+_naive,T_CD8+_cytotoxic,T_CD8+_CD161+,NKT	T_CD4+,T_CD4+_TfH,T_CD4+_TfH_GC,T_Treg,T_TfR,T_CD8+_cytotoxic,T_CD8+_CD161+,NKT
FYN	ITK	post_translational	T_CD4+,T_CD4+_TfH,T_CD4+_TfH_GC,T_Treg,T_TfR,T_TIM3+,T_CD8+_cytotoxic,T_CD8+_CD161+,NKT,NK,ILC	T_CD4+,T_CD4+_TfH,T_CD4+_TfH_GC,T_Treg,T_TfR,T_CD4+_naive,T_CD8+_naive,T_CD8+_cytotoxic,T_CD8+_CD161+
FYN	FNBP4	post_translational	T_CD4+,T_CD4+_TfH,T_CD4+_TfH_GC,T_Treg,T_TfR,T_TIM3+,T_CD8+_cytotoxic,T_CD8+_CD161+,NKT,NK,ILC	B_activated
LCK	CD2	post_translational	T_CD4+,T_CD4+_TfH,T_CD4+_TfH_GC,T_Treg,T_TfR,T_TIM3+,T_CD4+_naive,T_CD8+_naive,T_CD8+_cytotoxic,T_CD8+_CD161+,NKT	T_CD4+,T_CD4+_TfH,T_CD4+_TfH_GC,T_Treg,T_TfR,T_TIM3+,T_CD4+_naive,T_CD8+_naive,T_CD8+_cytotoxic,T_CD8+_CD161+,NKT,NK
LCK	PXN	post_translational	T_CD4+,T_CD4+_TfH,T_CD4+_TfH_GC,T_Treg,T_TfR,T_TIM3+,T_CD4+_naive,T_CD8+_naive,T_CD8+_cytotoxic,T_CD8+_CD161+,NKT	T_CD4+,T_CD4+_TfH,T_Treg,T_CD4+_naive,T_CD8+_naive,T_CD8+_cytotoxic,T_CD8+_CD161+,NKT,NK,Macrophages_M2,Endo
ATM	GIT2	post_translational	B_GC_DZ,T_CD4+_TfH,T_CD4+_naive,T_CD8+_naive,T_CD8+_cytotoxic	B_IFN,B_GC_LZ,B_GC_DZ,B_GC_prePB
ITK	GRAP2	post_translational	T_CD4+,T_CD4+_TfH,T_CD4+_TfH_GC,T_Treg,T_TfR,T_CD4+_naive,T_CD8+_naive,T_CD8+_cytotoxic,T_CD8+_CD161+	T_CD4+,T_CD4+_TfH,T_TIM3+,T_CD4+_naive,T_CD8+_naive,T_CD8+_cytotoxic,T_CD8+_CD161+,NKT,Mast
LCK	STAT2	post_translational	T_CD4+,T_CD4+_TfH,T_CD4+_TfH_GC,T_Treg,T_TfR,T_TIM3+,T_CD4+_naive,T_CD8+_naive,T_CD8+_cytotoxic,T_CD8+_CD161+,NKT	B_IFN,B_naive,B_plasma,DC_pDC,Monocytes,Macrophages_M1
FYN	ITGA6	post_translational	T_CD4+,T_CD4+_TfH,T_CD4+_TfH_GC,T_Treg,T_TfR,T_TIM3+,T_CD8+_cytotoxic,T_CD8+_CD161+,NKT,NK,ILC	T_CD4+,T_CD4+_TfH,T_CD4+_naive,T_CD8+_naive,NKT,Endo
LCK	CD8B	post_translational	T_CD4+,T_CD4+_TfH,T_CD4+_TfH_GC,T_Treg,T_TfR,T_TIM3+,T_CD4+_naive,T_CD8+_naive,T_CD8+_cytotoxic,T_CD8+_CD161+,NKT	T_CD8+_naive,T_CD8+_cytotoxic,T_CD8+_CD161+,NKT
CD8B	LCK	post_translational	T_CD8+_naive,T_CD8+_cytotoxic,T_CD8+_CD161+,NKT	T_CD4+,T_CD4+_TfH,T_CD4+_TfH_GC,T_Treg,T_TfR,T_TIM3+,T_CD4+_naive,T_CD8+_naive,T_CD8+_cytotoxic,T_CD8+_CD161+,NKT
STK17A	TSC22D4	post_translational	B_naive,B_activated,T_CD4+_TfH,T_CD8+_naive,T_CD8+_cytotoxic,T_CD8+_CD161+,NK	T_CD4+,T_CD4+_TfH_GC,T_Treg,T_TfR,T_TIM3+,T_CD8+_naive,T_CD8+_cytotoxic,NKT,NK
PRKX	CAPN2	post_translational	T_CD4+,T_CD4+_TfH,T_CD8+_cytotoxic,T_CD8+_CD161+,NK,ILC,Mast	B_IFN,T_CD4+,T_Treg,T_TIM3+,T_CD8+_naive,T_CD8+_cytotoxic,T_CD8+_CD161+,NKT,Monocytes,Endo,VSMC
PRKCA	CD3G	post_translational	T_CD4+_TfH,T_Treg,T_CD4+_naive,T_CD8+_naive,T_CD8+_CD161+,ILC,DC_cDC2,Mast	T_CD4+,T_CD4+_TfH,T_CD4+_TfH_GC,T_Treg,T_TfR,T_TIM3+,T_CD4+_naive,T_CD8+_naive,T_CD8+_cytotoxic,T_CD8+_CD161+,NKT
LCK	DGKA	post_translational	T_CD4+,T_CD4+_TfH,T_CD4+_TfH_GC,T_Treg,T_TfR,T_TIM3+,T_CD4+_naive,T_CD8+_naive,T_CD8+_cytotoxic,T_CD8+_CD161+,NKT	T_CD4+,T_CD4+_TfH,T_CD4+_TfH_GC,T_Treg,T_TfR,T_TIM3+,T_CD4+_naive,T_CD8+_naive
PRKX	PDE3B	post_translational	T_CD4+,T_CD4+_TfH,T_CD8+_cytotoxic,T_CD8+_CD161+,NK,ILC,Mast	T_CD4+,T_CD4+_TfH,T_Treg,T_CD4+_naive,T_CD8+_naive,T_CD8+_cytotoxic,T_CD8+_CD161+,ILC
RPS6KA1	SLC9A3R1	post_translational	NK,DC_pDC,DC_cDC2	T_CD4+,T_CD4+_TfH,T_CD4+_TfH_GC,T_Treg,T_TfR,T_TIM3+,T_CD4+_naive,T_CD8+_naive,T_CD8+_cytotoxic,T_CD8+_CD161+,NKT,NK
CD247	LCP2	post_translational	T_CD4+,T_CD4+_TfH,T_CD4+_TfH_GC,T_Treg,T_TfR,T_TIM3+,T_CD4+_naive,T_CD8+_naive,T_CD8+_cytotoxic,T_CD8+_CD161+,NKT,NK	T_CD4+,T_CD4+_TfH,T_CD4+_TfH_GC,T_Treg,T_TfR,T_TIM3+,T_CD4+_naive,T_CD8+_naive,T_CD8+_cytotoxic,T_CD8+_CD161+,NKT,NK,ILC,DC_cDC2,Monocytes,Macrophages_M2
FYN	DAPP1	post_translational	T_CD4+,T_CD4+_TfH,T_CD4+_TfH_GC,T_Treg,T_TfR,T_TIM3+,T_CD8+_cytotoxic,T_CD8+_CD161+,NKT,NK,ILC	B_IFN,B_naive,B_activated,B_GC_LZ,B_GC_DZ,B_mem,DC_cDC2,DC_CCR7+,FDC
PTPRJ	LCK	post_translational	T_CD4+_TfH_GC,T_TfR,T_TIM3+,T_CD8+_cytotoxic,Monocytes,Macrophages_M1,Macrophages_M2	T_CD4+,T_CD4+_TfH,T_CD4+_TfH_GC,T_Treg,T_TfR,T_TIM3+,T_CD4+_naive,T_CD8+_naive,T_CD8+_cytotoxic,T_CD8+_CD161+,NKT
CCR7	LCK	post_translational	T_CD4+,T_CD4+_TfH,T_Treg,T_CD4+_naive,T_CD8+_naive,DC_CCR7+	T_CD4+,T_CD4+_TfH,T_CD4+_TfH_GC,T_Treg,T_TfR,T_TIM3+,T_CD4+_naive,T_CD8+_naive,T_CD8+_cytotoxic,T_CD8+_CD161+,NKT
ZAP70	CTLA4	post_translational	T_CD4+,T_CD4+_TfH,T_CD4+_TfH_GC,T_Treg,T_TfR,T_TIM3+,T_CD4+_naive,T_CD8+_naive,T_CD8+_cytotoxic,T_CD8+_CD161+,NKT,NK	T_CD4+_TfH,T_CD4+_TfH_GC,T_Treg,T_TfR,T_TIM3+
CASP1	NCOR2	post_translational	B_IFN,T_CD4+,T_Treg,T_CD8+_cytotoxic,NKT,NK,DC_cDC2,Monocytes,Macrophages_M1,Macrophages_M2	DC_CCR7+,Macrophages_M1,Mast
HCST	PLCG1	post_translational	T_CD4+,T_CD4+_TfH,T_CD4+_TfH_GC,T_Treg,T_TfR,T_TIM3+,T_CD4+_naive,T_CD8+_naive,T_CD8+_cytotoxic,T_CD8+_CD161+,NKT,NK,DC_pDC,Monocytes,Macrophages_M2	T_CD4+,T_CD4+_TfH_GC,T_TfR,T_CD4+_naive,T_CD8+_naive,T_CD8+_cytotoxic,NKT
ICOS	CD40LG	post_translational	T_CD4+,T_CD4+_TfH,T_CD4+_TfH_GC,T_Treg,T_TfR,T_CD4+_naive,T_CD8+_CD161+,ILC	T_CD4+,T_CD4+_TfH,T_CD4+_TfH_GC,T_TfR,T_CD4+_naive,NKT
CD3E	ITK	post_translational	T_CD4+,T_CD4+_TfH,T_CD4+_TfH_GC,T_Treg,T_TfR,T_TIM3+,T_CD4+_naive,T_CD8+_naive,T_CD8+_cytotoxic,T_CD8+_CD161+,NKT	T_CD4+,T_CD4+_TfH,T_CD4+_TfH_GC,T_Treg,T_TfR,T_CD4+_naive,T_CD8+_naive,T_CD8+_cytotoxic,T_CD8+_CD161+
RGS1	CD3G	post_translational	B_IFN,B_activated,B_GC_prePB,B_plasma,B_mem,T_Treg,T_TfR,T_CD8+_cytotoxic,T_CD8+_CD161+,NK,ILC,DC_pDC,DC_CCR7+,Mast	T_CD4+,T_CD4+_TfH,T_CD4+_TfH_GC,T_Treg,T_TfR,T_TIM3+,T_CD4+_naive,T_CD8+_naive,T_CD8+_cytotoxic,T_CD8+_CD161+,NKT
LCK	SMPD1	post_translational	T_CD4+,T_CD4+_TfH,T_CD4+_TfH_GC,T_Treg,T_TfR,T_TIM3+,T_CD4+_naive,T_CD8+_naive,T_CD8+_cytotoxic,T_CD8+_CD161+,NKT	T_CD4+_TfH,T_CD4+_naive,T_CD8+_naive,T_CD8+_cytotoxic
ITGA6	PTPN2	post_translational	T_CD4+,T_CD4+_TfH,T_CD4+_naive,T_CD8+_naive,NKT,Endo	T_CD4+_TfH_GC,T_TfR,NK,DC_pDC
BCL2	ATM	post_translational	B_IFN,B_activated,B_preGC,B_mem,T_Treg,T_TfR,T_CD8+_CD161+	B_GC_DZ,T_CD4+_TfH,T_CD4+_naive,T_CD8+_naive,T_CD8+_cytotoxic
ATM	BCL2	post_translational	B_GC_DZ,T_CD4+_TfH,T_CD4+_naive,T_CD8+_naive,T_CD8+_cytotoxic	B_IFN,B_activated,B_preGC,B_mem,T_Treg,T_TfR,T_CD8+_CD161+
CD8A	IL2RB	post_translational	T_CD8+_naive,T_CD8+_cytotoxic,T_CD8+_CD161+,NKT	T_CD4+_TfH,T_CD4+_TfH_GC,T_Treg,T_TfR,T_CD8+_cytotoxic,T_CD8+_CD161+,NKT,NK,ILC
CD28	CD40LG	post_translational	T_CD4+,T_CD4+_TfH,T_CD4+_TfH_GC,T_Treg,T_TfR,T_TIM3+,T_CD4+_naive,T_CD8+_naive,T_CD8+_cytotoxic,T_CD8+_CD161+,NKT	T_CD4+,T_CD4+_TfH,T_CD4+_TfH_GC,T_TfR,T_CD4+_naive,NKT
LAT	WAS	post_translational	T_CD4+,T_CD4+_TfH,T_CD4+_TfH_GC,T_Treg,T_TfR,T_TIM3+,T_CD4+_naive,T_CD8+_naive,T_CD8+_cytotoxic,T_CD8+_CD161+,NKT	B_IFN,B_GC_LZ,B_GC_DZ,DC_cDC2
FAS	BCL2	post_translational	T_CD4+,T_CD4+_TfH,T_CD4+_TfH_GC,T_Treg,T_TfR,T_CD8+_cytotoxic,T_CD8+_CD161+,NKT	B_IFN,B_activated,B_preGC,B_mem,T_Treg,T_TfR,T_CD8+_CD161+
CTLA4	ICOS	post_translational	T_CD4+_TfH,T_CD4+_TfH_GC,T_Treg,T_TfR,T_TIM3+	T_CD4+,T_CD4+_TfH,T_CD4+_TfH_GC,T_Treg,T_TfR,T_CD4+_naive,T_CD8+_CD161+,ILC
CD8B	GRAP2	post_translational	T_CD8+_naive,T_CD8+_cytotoxic,T_CD8+_CD161+,NKT	T_CD4+,T_CD4+_TfH,T_TIM3+,T_CD4+_naive,T_CD8+_naive,T_CD8+_cytotoxic,T_CD8+_CD161+,NKT,Mast
CTLA4	CD3E	post_translational	T_CD4+_TfH,T_CD4+_TfH_GC,T_Treg,T_TfR,T_TIM3+	T_CD4+,T_CD4+_TfH,T_CD4+_TfH_GC,T_Treg,T_TfR,T_TIM3+,T_CD4+_naive,T_CD8+_naive,T_CD8+_cytotoxic,T_CD8+_CD161+,NKT
RGS1	CD3E	post_translational	B_IFN,B_activated,B_GC_prePB,B_plasma,B_mem,T_Treg,T_TfR,T_CD8+_cytotoxic,T_CD8+_CD161+,NK,ILC,DC_pDC,DC_CCR7+,Mast	T_CD4+,T_CD4+_TfH,T_CD4+_TfH_GC,T_Treg,T_TfR,T_TIM3+,T_CD4+_naive,T_CD8+_naive,T_CD8+_cytotoxic,T_CD8+_CD161+,NKT
STAT1	BCL2	post_translational	B_IFN,T_CD4+,T_Treg,T_TfR,T_TIM3+,T_CD4+_naive,T_CD8+_naive,T_CD8+_cytotoxic,NKT,NK,DC_cDC2,Monocytes,Macrophages_M1,Macrophages_M2	B_IFN,B_activated,B_preGC,B_mem,T_Treg,T_TfR,T_CD8+_CD161+
RGS1	PXN	post_translational	B_IFN,B_activated,B_GC_prePB,B_plasma,B_mem,T_Treg,T_TfR,T_CD8+_cytotoxic,T_CD8+_CD161+,NK,ILC,DC_pDC,DC_CCR7+,Mast	T_CD4+,T_CD4+_TfH,T_Treg,T_CD4+_naive,T_CD8+_naive,T_CD8+_cytotoxic,T_CD8+_CD161+,NKT,NK,Macrophages_M2,Endo
CD3D	CD28	post_translational	T_CD4+,T_CD4+_TfH,T_CD4+_TfH_GC,T_Treg,T_TfR,T_TIM3+,T_CD4+_naive,T_CD8+_naive,T_CD8+_cytotoxic,T_CD8+_CD161+,NKT	T_CD4+,T_CD4+_TfH,T_CD4+_TfH_GC,T_Treg,T_TfR,T_TIM3+,T_CD4+_naive,T_CD8+_naive,T_CD8+_cytotoxic,T_CD8+_CD161+,NKT
CD28	CD3D	post_translational	T_CD4+,T_CD4+_TfH,T_CD4+_TfH_GC,T_Treg,T_TfR,T_TIM3+,T_CD4+_naive,T_CD8+_naive,T_CD8+_cytotoxic,T_CD8+_CD161+,NKT	T_CD4+,T_CD4+_TfH,T_CD4+_TfH_GC,T_Treg,T_TfR,T_TIM3+,T_CD4+_naive,T_CD8+_naive,T_CD8+_cytotoxic,T_CD8+_CD161+,NKT
STAT1	CCND3	post_translational	B_IFN,T_CD4+,T_Treg,T_TfR,T_TIM3+,T_CD4+_naive,T_CD8+_naive,T_CD8+_cytotoxic,NKT,NK,DC_cDC2,Monocytes,Macrophages_M1,Macrophages_M2	B_Cycling,T_CD4+,T_CD4+_TfH_GC,T_Treg,T_CD4+_naive,T_CD8+_naive,T_CD8+_CD161+,NKT,NK,ILC
STAT2	CCND3	post_translational	B_IFN,B_naive,B_plasma,DC_pDC,Monocytes,Macrophages_M1	B_Cycling,T_CD4+,T_CD4+_TfH_GC,T_Treg,T_CD4+_naive,T_CD8+_naive,T_CD8+_CD161+,NKT,NK,ILC
CD8A	GRAP2	post_translational	T_CD8+_naive,T_CD8+_cytotoxic,T_CD8+_CD161+,NKT	T_CD4+,T_CD4+_TfH,T_TIM3+,T_CD4+_naive,T_CD8+_naive,T_CD8+_cytotoxic,T_CD8+_CD161+,NKT,Mast
CD247	GRAP2	post_translational	T_CD4+,T_CD4+_TfH,T_CD4+_TfH_GC,T_Treg,T_TfR,T_TIM3+,T_CD4+_naive,T_CD8+_naive,T_CD8+_cytotoxic,T_CD8+_CD161+,NKT,NK	T_CD4+,T_CD4+_TfH,T_TIM3+,T_CD4+_naive,T_CD8+_naive,T_CD8+_cytotoxic,T_CD8+_CD161+,NKT,Mast
RGS1	CD247	post_translational	B_IFN,B_activated,B_GC_prePB,B_plasma,B_mem,T_Treg,T_TfR,T_CD8+_cytotoxic,T_CD8+_CD161+,NK,ILC,DC_pDC,DC_CCR7+,Mast	T_CD4+,T_CD4+_TfH,T_CD4+_TfH_GC,T_Treg,T_TfR,T_TIM3+,T_CD4+_naive,T_CD8+_naive,T_CD8+_cytotoxic,T_CD8+_CD161+,NKT,NK
VAV1	WAS	post_translational	Macrophages_M2	B_IFN,B_GC_LZ,B_GC_DZ,DC_cDC2
CD3E	LAT	post_translational	T_CD4+,T_CD4+_TfH,T_CD4+_TfH_GC,T_Treg,T_TfR,T_TIM3+,T_CD4+_naive,T_CD8+_naive,T_CD8+_cytotoxic,T_CD8+_CD161+,NKT	T_CD4+,T_CD4+_TfH,T_CD4+_TfH_GC,T_Treg,T_TfR,T_TIM3+,T_CD4+_naive,T_CD8+_naive,T_CD8+_cytotoxic,T_CD8+_CD161+,NKT
CD8B	IL2RB	post_translational	T_CD8+_naive,T_CD8+_cytotoxic,T_CD8+_CD161+,NKT	T_CD4+_TfH,T_CD4+_TfH_GC,T_Treg,T_TfR,T_CD8+_cytotoxic,T_CD8+_CD161+,NKT,NK,ILC
PPP3CC	BIN2	post_translational	B_activated,B_GC_LZ,B_GC_DZ,B_GC_prePB,T_CD8+_cytotoxic,NKT,NK	T_CD4+,T_Treg,T_TIM3+,T_CD4+_naive,T_CD8+_naive,T_CD8+_cytotoxic,T_CD8+_CD161+,NKT,NK,ILC
STAT1	CXCL9	post_translational	B_IFN,T_CD4+,T_Treg,T_TfR,T_TIM3+,T_CD4+_naive,T_CD8+_naive,T_CD8+_cytotoxic,NKT,NK,DC_cDC2,Monocytes,Macrophages_M1,Macrophages_M2	DC_cDC1,DC_cDC2,DC_CCR7+,Macrophages_M1,Macrophages_M2
IRF1	IDO1	post_translational	B_IFN,B_activated,T_CD4+,T_CD4+_TfH,T_Treg,T_CD8+_cytotoxic,T_CD8+_CD161+,NKT,NK,ILC,DC_CCR7+	DC_cDC1,DC_cDC2,DC_CCR7+,FDC
CD28	CD3G	post_translational	T_CD4+,T_CD4+_TfH,T_CD4+_TfH_GC,T_Treg,T_TfR,T_TIM3+,T_CD4+_naive,T_CD8+_naive,T_CD8+_cytotoxic,T_CD8+_CD161+,NKT	T_CD4+,T_CD4+_TfH,T_CD4+_TfH_GC,T_Treg,T_TfR,T_TIM3+,T_CD4+_naive,T_CD8+_naive,T_CD8+_cytotoxic,T_CD8+_CD161+,NKT
STAT4	PIM1	post_translational	T_CD4+,T_CD4+_TfH,T_Treg,T_CD4+_naive,T_CD8+_naive,T_CD8+_cytotoxic,T_CD8+_CD161+,NKT,NK,ILC	B_GC_DZ,B_plasma,T_CD4+_TfH,T_Treg,T_CD4+_naive,T_CD8+_naive,T_CD8+_CD161+,NKT,NK,Mast
FOXP3	CTLA4	post_translational	T_Treg,T_TfR	T_CD4+_TfH,T_CD4+_TfH_GC,T_Treg,T_TfR,T_TIM3+
RGS1	CD3D	post_translational	B_IFN,B_activated,B_GC_prePB,B_plasma,B_mem,T_Treg,T_TfR,T_CD8+_cytotoxic,T_CD8+_CD161+,NK,ILC,DC_pDC,DC_CCR7+,Mast	T_CD4+,T_CD4+_TfH,T_CD4+_TfH_GC,T_Treg,T_TfR,T_TIM3+,T_CD4+_naive,T_CD8+_naive,T_CD8+_cytotoxic,T_CD8+_CD161+,NKT
LCK	CCND3	post_translational	T_CD4+,T_CD4+_TfH,T_CD4+_TfH_GC,T_Treg,T_TfR,T_TIM3+,T_CD4+_naive,T_CD8+_naive,T_CD8+_cytotoxic,T_CD8+_CD161+,NKT	B_Cycling,T_CD4+,T_CD4+_TfH_GC,T_Treg,T_CD4+_naive,T_CD8+_naive,T_CD8+_CD161+,NKT,NK,ILC
FYN	ARRB2	post_translational	T_CD4+,T_CD4+_TfH,T_CD4+_TfH_GC,T_Treg,T_TfR,T_TIM3+,T_CD8+_cytotoxic,T_CD8+_CD161+,NKT,NK,ILC	T_CD4+,T_TIM3+,T_CD4+_naive,T_CD8+_naive,T_CD8+_cytotoxic,T_CD8+_CD161+,NKT,NK,DC_cDC2,DC_CCR7+,Monocytes,Macrophages_M1,Macrophages_M2
CXCL9	CCR7	post_translational	DC_cDC1,DC_cDC2,DC_CCR7+,Macrophages_M1,Macrophages_M2	T_CD4+,T_CD4+_TfH,T_Treg,T_CD4+_naive,T_CD8+_naive,DC_CCR7+
LCK	HCST	post_translational	T_CD4+,T_CD4+_TfH,T_CD4+_TfH_GC,T_Treg,T_TfR,T_TIM3+,T_CD4+_naive,T_CD8+_naive,T_CD8+_cytotoxic,T_CD8+_CD161+,NKT	T_CD4+,T_CD4+_TfH,T_CD4+_TfH_GC,T_Treg,T_TfR,T_TIM3+,T_CD4+_naive,T_CD8+_naive,T_CD8+_cytotoxic,T_CD8+_CD161+,NKT,NK,DC_pDC,Monocytes,Macrophages_M2
CD3D	LCP2	post_translational	T_CD4+,T_CD4+_TfH,T_CD4+_TfH_GC,T_Treg,T_TfR,T_TIM3+,T_CD4+_naive,T_CD8+_naive,T_CD8+_cytotoxic,T_CD8+_CD161+,NKT	T_CD4+,T_CD4+_TfH,T_CD4+_TfH_GC,T_Treg,T_TfR,T_TIM3+,T_CD4+_naive,T_CD8+_naive,T_CD8+_cytotoxic,T_CD8+_CD161+,NKT,NK,ILC,DC_cDC2,Monocytes,Macrophages_M2
CD3E	LCP2	post_translational	T_CD4+,T_CD4+_TfH,T_CD4+_TfH_GC,T_Treg,T_TfR,T_TIM3+,T_CD4+_naive,T_CD8+_naive,T_CD8+_cytotoxic,T_CD8+_CD161+,NKT	T_CD4+,T_CD4+_TfH,T_CD4+_TfH_GC,T_Treg,T_TfR,T_TIM3+,T_CD4+_naive,T_CD8+_naive,T_CD8+_cytotoxic,T_CD8+_CD161+,NKT,NK,ILC,DC_cDC2,Monocytes,Macrophages_M2
PRKCH	ZAP70	post_translational	T_CD4+,T_CD4+_TfH,T_CD4+_TfH_GC,T_Treg,T_TfR,T_TIM3+,T_CD4+_naive,T_CD8+_naive,T_CD8+_cytotoxic,T_CD8+_CD161+,NKT,NK,ILC	T_CD4+,T_CD4+_TfH,T_CD4+_TfH_GC,T_Treg,T_TfR,T_TIM3+,T_CD4+_naive,T_CD8+_naive,T_CD8+_cytotoxic,T_CD8+_CD161+,NKT,NK
CD3D	LAT	post_translational	T_CD4+,T_CD4+_TfH,T_CD4+_TfH_GC,T_Treg,T_TfR,T_TIM3+,T_CD4+_naive,T_CD8+_naive,T_CD8+_cytotoxic,T_CD8+_CD161+,NKT	T_CD4+,T_CD4+_TfH,T_CD4+_TfH_GC,T_Treg,T_TfR,T_TIM3+,T_CD4+_naive,T_CD8+_naive,T_CD8+_cytotoxic,T_CD8+_CD161+,NKT
CD3G	IL2RB	post_translational	T_CD4+,T_CD4+_TfH,T_CD4+_TfH_GC,T_Treg,T_TfR,T_TIM3+,T_CD4+_naive,T_CD8+_naive,T_CD8+_cytotoxic,T_CD8+_CD161+,NKT	T_CD4+_TfH,T_CD4+_TfH_GC,T_Treg,T_TfR,T_CD8+_cytotoxic,T_CD8+_CD161+,NKT,NK,ILC
CD3D	GRAP2	post_translational	T_CD4+,T_CD4+_TfH,T_CD4+_TfH_GC,T_Treg,T_TfR,T_TIM3+,T_CD4+_naive,T_CD8+_naive,T_CD8+_cytotoxic,T_CD8+_CD161+,NKT	T_CD4+,T_CD4+_TfH,T_TIM3+,T_CD4+_naive,T_CD8+_naive,T_CD8+_cytotoxic,T_CD8+_CD161+,NKT,Mast
TRADD	MAP3K14	post_translational	B_plasma,T_CD4+,T_CD4+_TfH,T_CD8+_CD161+,NKT,DC_cDC2,DC_CCR7+,Macrophages_M1	B_IFN,B_naive,DC_CCR7+
STAT2	PIM1	post_translational	B_IFN,B_naive,B_plasma,DC_pDC,Monocytes,Macrophages_M1	B_GC_DZ,B_plasma,T_CD4+_TfH,T_Treg,T_CD4+_naive,T_CD8+_naive,T_CD8+_CD161+,NKT,NK,Mast
CD8A	LCP2	post_translational	T_CD8+_naive,T_CD8+_cytotoxic,T_CD8+_CD161+,NKT	T_CD4+,T_CD4+_TfH,T_CD4+_TfH_GC,T_Treg,T_TfR,T_TIM3+,T_CD4+_naive,T_CD8+_naive,T_CD8+_cytotoxic,T_CD8+_CD161+,NKT,NK,ILC,DC_cDC2,Monocytes,Macrophages_M2
CYLD	TRADD	post_translational	T_CD4+,T_CD4+_TfH,T_CD4+_TfH_GC,T_Treg,T_TfR,T_CD4+_naive,T_CD8+_cytotoxic,T_CD8+_CD161+,NK	B_plasma,T_CD4+,T_CD4+_TfH,T_CD8+_CD161+,NKT,DC_cDC2,DC_CCR7+,Macrophages_M1
FYN	STAT2	post_translational	T_CD4+,T_CD4+_TfH,T_CD4+_TfH_GC,T_Treg,T_TfR,T_TIM3+,T_CD8+_cytotoxic,T_CD8+_CD161+,NKT,NK,ILC	B_IFN,B_naive,B_plasma,DC_pDC,Monocytes,Macrophages_M1
HCST	LCP2	post_translational	T_CD4+,T_CD4+_TfH,T_CD4+_TfH_GC,T_Treg,T_TfR,T_TIM3+,T_CD4+_naive,T_CD8+_naive,T_CD8+_cytotoxic,T_CD8+_CD161+,NKT,NK,DC_pDC,Monocytes,Macrophages_M2	T_CD4+,T_CD4+_TfH,T_CD4+_TfH_GC,T_Treg,T_TfR,T_TIM3+,T_CD4+_naive,T_CD8+_naive,T_CD8+_cytotoxic,T_CD8+_CD161+,NKT,NK,ILC,DC_cDC2,Monocytes,Macrophages_M2
STAT1	PIM1	post_translational	B_IFN,T_CD4+,T_Treg,T_TfR,T_TIM3+,T_CD4+_naive,T_CD8+_naive,T_CD8+_cytotoxic,NKT,NK,DC_cDC2,Monocytes,Macrophages_M1,Macrophages_M2	B_GC_DZ,B_plasma,T_CD4+_TfH,T_Treg,T_CD4+_naive,T_CD8+_naive,T_CD8+_CD161+,NKT,NK,Mast
CYLD	STAT1	post_translational	T_CD4+,T_CD4+_TfH,T_CD4+_TfH_GC,T_Treg,T_TfR,T_CD4+_naive,T_CD8+_cytotoxic,T_CD8+_CD161+,NK	B_IFN,T_CD4+,T_Treg,T_TfR,T_TIM3+,T_CD4+_naive,T_CD8+_naive,T_CD8+_cytotoxic,NKT,NK,DC_cDC2,Monocytes,Macrophages_M1,Macrophages_M2
GRAP2	PLCG1	post_translational	T_CD4+,T_CD4+_TfH,T_TIM3+,T_CD4+_naive,T_CD8+_naive,T_CD8+_cytotoxic,T_CD8+_CD161+,NKT,Mast	T_CD4+,T_CD4+_TfH_GC,T_TfR,T_CD4+_naive,T_CD8+_naive,T_CD8+_cytotoxic,NKT
CD3E	CD28	post_translational	T_CD4+,T_CD4+_TfH,T_CD4+_TfH_GC,T_Treg,T_TfR,T_TIM3+,T_CD4+_naive,T_CD8+_naive,T_CD8+_cytotoxic,T_CD8+_CD161+,NKT	T_CD4+,T_CD4+_TfH,T_CD4+_TfH_GC,T_Treg,T_TfR,T_TIM3+,T_CD4+_naive,T_CD8+_naive,T_CD8+_cytotoxic,T_CD8+_CD161+,NKT
CD28	CD3E	post_translational	T_CD4+,T_CD4+_TfH,T_CD4+_TfH_GC,T_Treg,T_TfR,T_TIM3+,T_CD4+_naive,T_CD8+_naive,T_CD8+_cytotoxic,T_CD8+_CD161+,NKT	T_CD4+,T_CD4+_TfH,T_CD4+_TfH_GC,T_Treg,T_TfR,T_TIM3+,T_CD4+_naive,T_CD8+_naive,T_CD8+_cytotoxic,T_CD8+_CD161+,NKT
CD247	LAT	post_translational	T_CD4+,T_CD4+_TfH,T_CD4+_TfH_GC,T_Treg,T_TfR,T_TIM3+,T_CD4+_naive,T_CD8+_naive,T_CD8+_cytotoxic,T_CD8+_CD161+,NKT,NK	T_CD4+,T_CD4+_TfH,T_CD4+_TfH_GC,T_Treg,T_TfR,T_TIM3+,T_CD4+_naive,T_CD8+_naive,T_CD8+_cytotoxic,T_CD8+_CD161+,NKT
IL2RB	TNFRSF4	post_translational	T_CD4+_TfH,T_CD4+_TfH_GC,T_Treg,T_TfR,T_CD8+_cytotoxic,T_CD8+_CD161+,NKT,NK,ILC	T_CD4+,T_CD4+_TfH,T_CD4+_TfH_GC,T_Treg,T_TfR,ILC,Mast
PLCG1	CAMK4	post_translational	T_CD4+,T_CD4+_TfH_GC,T_TfR,T_CD4+_naive,T_CD8+_naive,T_CD8+_cytotoxic,NKT	T_CD4+,T_CD4+_TfH,T_Treg,T_CD4+_naive,T_CD8+_naive,T_CD8+_cytotoxic,T_CD8+_CD161+,NKT
SLA	FYN	post_translational	T_CD4+_TfH,T_CD4+_TfH_GC,T_Treg,T_TfR,T_TIM3+,T_CD4+_naive,T_CD8+_cytotoxic,T_CD8+_CD161+,NK,ILC,Macrophages_M2	T_CD4+,T_CD4+_TfH,T_CD4+_TfH_GC,T_Treg,T_TfR,T_TIM3+,T_CD8+_cytotoxic,T_CD8+_CD161+,NKT,NK,ILC
RGS1	FYN	post_translational	B_IFN,B_activated,B_GC_prePB,B_plasma,B_mem,T_Treg,T_TfR,T_CD8+_cytotoxic,T_CD8+_CD161+,NK,ILC,DC_pDC,DC_CCR7+,Mast	T_CD4+,T_CD4+_TfH,T_CD4+_TfH_GC,T_Treg,T_TfR,T_TIM3+,T_CD8+_cytotoxic,T_CD8+_CD161+,NKT,NK,ILC
CCL5	CCR7	post_translational	T_CD8+_cytotoxic,T_CD8+_CD161+,NKT,NK	T_CD4+,T_CD4+_TfH,T_Treg,T_CD4+_naive,T_CD8+_naive,DC_CCR7+
CD3G	ITK	post_translational	T_CD4+,T_CD4+_TfH,T_CD4+_TfH_GC,T_Treg,T_TfR,T_TIM3+,T_CD4+_naive,T_CD8+_naive,T_CD8+_cytotoxic,T_CD8+_CD161+,NKT	T_CD4+,T_CD4+_TfH,T_CD4+_TfH_GC,T_Treg,T_TfR,T_CD4+_naive,T_CD8+_naive,T_CD8+_cytotoxic,T_CD8+_CD161+
TCF7	CCND3	post_translational	T_CD4+,T_CD4+_TfH,T_CD4+_TfH_GC,T_TIM3+,T_CD4+_naive,T_CD8+_naive,T_CD8+_CD161+,ILC	B_Cycling,T_CD4+,T_CD4+_TfH_GC,T_Treg,T_CD4+_naive,T_CD8+_naive,T_CD8+_CD161+,NKT,NK,ILC
LEF1	CCND3	post_translational	T_CD4+,T_CD4+_TfH,T_Treg,T_TIM3+,T_CD4+_naive,T_CD8+_naive,T_CD8+_CD161+	B_Cycling,T_CD4+,T_CD4+_TfH_GC,T_Treg,T_CD4+_naive,T_CD8+_naive,T_CD8+_CD161+,NKT,NK,ILC
IRF1	CDKN1B	post_translational	B_IFN,B_activated,T_CD4+,T_CD4+_TfH,T_Treg,T_CD8+_cytotoxic,T_CD8+_CD161+,NKT,NK,ILC,DC_CCR7+	B_activated,T_CD4+,T_CD4+_TfH,T_Treg,T_CD4+_naive,T_CD8+_naive,T_CD8+_cytotoxic,T_CD8+_CD161+
IL7R	LCK	post_translational	T_CD4+,T_CD4+_TfH,T_Treg,T_CD4+_naive,T_CD8+_naive,T_CD8+_cytotoxic,T_CD8+_CD161+,NKT,ILC,DC_CCR7+	T_CD4+,T_CD4+_TfH,T_CD4+_TfH_GC,T_Treg,T_TfR,T_TIM3+,T_CD4+_naive,T_CD8+_naive,T_CD8+_cytotoxic,T_CD8+_CD161+,NKT
CD247	ITK	post_translational	T_CD4+,T_CD4+_TfH,T_CD4+_TfH_GC,T_Treg,T_TfR,T_TIM3+,T_CD4+_naive,T_CD8+_naive,T_CD8+_cytotoxic,T_CD8+_CD161+,NKT,NK	T_CD4+,T_CD4+_TfH,T_CD4+_TfH_GC,T_Treg,T_TfR,T_CD4+_naive,T_CD8+_naive,T_CD8+_cytotoxic,T_CD8+_CD161+
CYLD	TRAF1	post_translational	T_CD4+,T_CD4+_TfH,T_CD4+_TfH_GC,T_Treg,T_TfR,T_CD4+_naive,T_CD8+_cytotoxic,T_CD8+_CD161+,NK	T_CD4+,T_CD4+_TfH,T_CD4+_TfH_GC,T_Treg,T_TfR,T_CD8+_cytotoxic,T_CD8+_CD161+,NKT,DC_CCR7+
CCL17	CCR7	post_translational	DC_CCR7+	T_CD4+,T_CD4+_TfH,T_Treg,T_CD4+_naive,T_CD8+_naive,DC_CCR7+
SLA	LCK	post_translational	T_CD4+_TfH,T_CD4+_TfH_GC,T_Treg,T_TfR,T_TIM3+,T_CD4+_naive,T_CD8+_cytotoxic,T_CD8+_CD161+,NK,ILC,Macrophages_M2	T_CD4+,T_CD4+_TfH,T_CD4+_TfH_GC,T_Treg,T_TfR,T_TIM3+,T_CD4+_naive,T_CD8+_naive,T_CD8+_cytotoxic,T_CD8+_CD161+,NKT
CD247	IL2RB	post_translational	T_CD4+,T_CD4+_TfH,T_CD4+_TfH_GC,T_Treg,T_TfR,T_TIM3+,T_CD4+_naive,T_CD8+_naive,T_CD8+_cytotoxic,T_CD8+_CD161+,NKT,NK	T_CD4+_TfH,T_CD4+_TfH_GC,T_Treg,T_TfR,T_CD8+_cytotoxic,T_CD8+_CD161+,NKT,NK,ILC
CD3E	IL2RB	post_translational	T_CD4+,T_CD4+_TfH,T_CD4+_TfH_GC,T_Treg,T_TfR,T_TIM3+,T_CD4+_naive,T_CD8+_naive,T_CD8+_cytotoxic,T_CD8+_CD161+,NKT	T_CD4+_TfH,T_CD4+_TfH_GC,T_Treg,T_TfR,T_CD8+_cytotoxic,T_CD8+_CD161+,NKT,NK,ILC
CD8B	LAT	post_translational	T_CD8+_naive,T_CD8+_cytotoxic,T_CD8+_CD161+,NKT	T_CD4+,T_CD4+_TfH,T_CD4+_TfH_GC,T_Treg,T_TfR,T_TIM3+,T_CD4+_naive,T_CD8+_naive,T_CD8+_cytotoxic,T_CD8+_CD161+,NKT
IL2RB	CCND3	post_translational	T_CD4+_TfH,T_CD4+_TfH_GC,T_Treg,T_TfR,T_CD8+_cytotoxic,T_CD8+_CD161+,NKT,NK,ILC	B_Cycling,T_CD4+,T_CD4+_TfH_GC,T_Treg,T_CD4+_naive,T_CD8+_naive,T_CD8+_CD161+,NKT,NK,ILC
CD8B	LCP2	post_translational	T_CD8+_naive,T_CD8+_cytotoxic,T_CD8+_CD161+,NKT	T_CD4+,T_CD4+_TfH,T_CD4+_TfH_GC,T_Treg,T_TfR,T_TIM3+,T_CD4+_naive,T_CD8+_naive,T_CD8+_cytotoxic,T_CD8+_CD161+,NKT,NK,ILC,DC_cDC2,Monocytes,Macrophages_M2
RGS1	LCK	post_translational	B_IFN,B_activated,B_GC_prePB,B_plasma,B_mem,T_Treg,T_TfR,T_CD8+_cytotoxic,T_CD8+_CD161+,NK,ILC,DC_pDC,DC_CCR7+,Mast	T_CD4+,T_CD4+_TfH,T_CD4+_TfH_GC,T_Treg,T_TfR,T_TIM3+,T_CD4+_naive,T_CD8+_naive,T_CD8+_cytotoxic,T_CD8+_CD161+,NKT
CD3D	ITK	post_translational	T_CD4+,T_CD4+_TfH,T_CD4+_TfH_GC,T_Treg,T_TfR,T_TIM3+,T_CD4+_naive,T_CD8+_naive,T_CD8+_cytotoxic,T_CD8+_CD161+,NKT	T_CD4+,T_CD4+_TfH,T_CD4+_TfH_GC,T_Treg,T_TfR,T_CD4+_naive,T_CD8+_naive,T_CD8+_cytotoxic,T_CD8+_CD161+
STAT4	IRF1	post_translational	T_CD4+,T_CD4+_TfH,T_Treg,T_CD4+_naive,T_CD8+_naive,T_CD8+_cytotoxic,T_CD8+_CD161+,NKT,NK,ILC	B_IFN,B_activated,T_CD4+,T_CD4+_TfH,T_Treg,T_CD8+_cytotoxic,T_CD8+_CD161+,NKT,NK,ILC,DC_CCR7+
CD28	ZAP70	post_translational	T_CD4+,T_CD4+_TfH,T_CD4+_TfH_GC,T_Treg,T_TfR,T_TIM3+,T_CD4+_naive,T_CD8+_naive,T_CD8+_cytotoxic,T_CD8+_CD161+,NKT	T_CD4+,T_CD4+_TfH,T_CD4+_TfH_GC,T_Treg,T_TfR,T_TIM3+,T_CD4+_naive,T_CD8+_naive,T_CD8+_cytotoxic,T_CD8+_CD161+,NKT,NK
CD3D	IL2RB	post_translational	T_CD4+,T_CD4+_TfH,T_CD4+_TfH_GC,T_Treg,T_TfR,T_TIM3+,T_CD4+_naive,T_CD8+_naive,T_CD8+_cytotoxic,T_CD8+_CD161+,NKT	T_CD4+_TfH,T_CD4+_TfH_GC,T_Treg,T_TfR,T_CD8+_cytotoxic,T_CD8+_CD161+,NKT,NK,ILC
CD2	CD8A	post_translational	T_CD4+,T_CD4+_TfH,T_CD4+_TfH_GC,T_Treg,T_TfR,T_TIM3+,T_CD4+_naive,T_CD8+_naive,T_CD8+_cytotoxic,T_CD8+_CD161+,NKT,NK	T_CD8+_naive,T_CD8+_cytotoxic,T_CD8+_CD161+,NKT
FYN	ARHGEF7	post_translational	T_CD4+,T_CD4+_TfH,T_CD4+_TfH_GC,T_Treg,T_TfR,T_TIM3+,T_CD8+_cytotoxic,T_CD8+_CD161+,NKT,NK,ILC	B_GC_LZ,B_GC_DZ,B_GC_prePB,ILC,FDC
STK17A	SAFB2	post_translational	B_naive,B_activated,T_CD4+_TfH,T_CD8+_naive,T_CD8+_cytotoxic,T_CD8+_CD161+,NK	T_CD8+_CD161+
PRKCA	ITK	post_translational	T_CD4+_TfH,T_Treg,T_CD4+_naive,T_CD8+_naive,T_CD8+_CD161+,ILC,DC_cDC2,Mast	T_CD4+,T_CD4+_TfH,T_CD4+_TfH_GC,T_Treg,T_TfR,T_CD4+_naive,T_CD8+_naive,T_CD8+_cytotoxic,T_CD8+_CD161+
CD2	SPN	post_translational	T_CD4+,T_CD4+_TfH,T_CD4+_TfH_GC,T_Treg,T_TfR,T_TIM3+,T_CD4+_naive,T_CD8+_naive,T_CD8+_cytotoxic,T_CD8+_CD161+,NKT,NK	T_CD4+,T_CD4+_TfH,T_CD4+_TfH_GC,T_Treg,T_TfR,T_TIM3+,T_CD4+_naive,T_CD8+_naive,T_CD8+_cytotoxic,T_CD8+_CD161+,NKT,NK,ILC,DC_pDC,DC_cDC2,Monocytes,Mast
PIKFYVE	WAS	post_translational	B_IFN,B_activated,B_preGC,B_GC_LZ,B_mem,DC_CCR7+	B_IFN,B_GC_LZ,B_GC_DZ,DC_cDC2
CD3E	GRAP2	post_translational	T_CD4+,T_CD4+_TfH,T_CD4+_TfH_GC,T_Treg,T_TfR,T_TIM3+,T_CD4+_naive,T_CD8+_naive,T_CD8+_cytotoxic,T_CD8+_CD161+,NKT	T_CD4+,T_CD4+_TfH,T_TIM3+,T_CD4+_naive,T_CD8+_naive,T_CD8+_cytotoxic,T_CD8+_CD161+,NKT,Mast
CAPN2	PXN	post_translational	B_IFN,T_CD4+,T_Treg,T_TIM3+,T_CD8+_naive,T_CD8+_cytotoxic,T_CD8+_CD161+,NKT,Monocytes,Endo,VSMC	T_CD4+,T_CD4+_TfH,T_Treg,T_CD4+_naive,T_CD8+_naive,T_CD8+_cytotoxic,T_CD8+_CD161+,NKT,NK,Macrophages_M2,Endo
ZAP70	GRAP2	post_translational	T_CD4+,T_CD4+_TfH,T_CD4+_TfH_GC,T_Treg,T_TfR,T_TIM3+,T_CD4+_naive,T_CD8+_naive,T_CD8+_cytotoxic,T_CD8+_CD161+,NKT,NK	T_CD4+,T_CD4+_TfH,T_TIM3+,T_CD4+_naive,T_CD8+_naive,T_CD8+_cytotoxic,T_CD8+_CD161+,NKT,Mast
ATM	DHPS	post_translational	B_GC_DZ,T_CD4+_TfH,T_CD4+_naive,T_CD8+_naive,T_CD8+_cytotoxic	B_GC_prePB
ATM	IK	post_translational	B_GC_DZ,T_CD4+_TfH,T_CD4+_naive,T_CD8+_naive,T_CD8+_cytotoxic	T_CD4+_TfH,T_Treg,T_CD8+_cytotoxic
ATM	SAFB2	post_translational	B_GC_DZ,T_CD4+_TfH,T_CD4+_naive,T_CD8+_naive,T_CD8+_cytotoxic	T_CD8+_CD161+
ATM	TCOF1	post_translational	B_GC_DZ,T_CD4+_TfH,T_CD4+_naive,T_CD8+_naive,T_CD8+_cytotoxic	B_naive,B_mem
ATM	VAMP2	post_translational	B_GC_DZ,T_CD4+_TfH,T_CD4+_naive,T_CD8+_naive,T_CD8+_cytotoxic	T_CD4+,T_CD4+_TfH,T_Treg,T_CD4+_naive,T_CD8+_cytotoxic,T_CD8+_CD161+,NKT,NK,ILC
STAT1	CD40LG	post_translational	B_IFN,T_CD4+,T_Treg,T_TfR,T_TIM3+,T_CD4+_naive,T_CD8+_naive,T_CD8+_cytotoxic,NKT,NK,DC_cDC2,Monocytes,Macrophages_M1,Macrophages_M2	T_CD4+,T_CD4+_TfH,T_CD4+_TfH_GC,T_TfR,T_CD4+_naive,NKT
ATM	SUGP2	post_translational	B_GC_DZ,T_CD4+_TfH,T_CD4+_naive,T_CD8+_naive,T_CD8+_cytotoxic	B_Cycling,B_GC_prePB
ATM	AKAP9	post_translational	B_GC_DZ,T_CD4+_TfH,T_CD4+_naive,T_CD8+_naive,T_CD8+_cytotoxic	T_CD8+_CD161+,ILC,DC_pDC
ATM	CASP8AP2	post_translational	B_GC_DZ,T_CD4+_TfH,T_CD4+_naive,T_CD8+_naive,T_CD8+_cytotoxic	T_Treg
ATM	PKP4	post_translational	B_GC_DZ,T_CD4+_TfH,T_CD4+_naive,T_CD8+_naive,T_CD8+_cytotoxic	Mast,Endo
ATM	NCAPH2	post_translational	B_GC_DZ,T_CD4+_TfH,T_CD4+_naive,T_CD8+_naive,T_CD8+_cytotoxic	B_Cycling
ATM	NOSIP	post_translational	B_GC_DZ,T_CD4+_TfH,T_CD4+_naive,T_CD8+_naive,T_CD8+_cytotoxic	T_CD4+,T_CD4+_TfH,T_TIM3+,T_CD4+_naive,T_CD8+_naive,NKT
ATM	LDLRAP1	post_translational	B_GC_DZ,T_CD4+_TfH,T_CD4+_naive,T_CD8+_naive,T_CD8+_cytotoxic	T_CD4+,T_CD4+_TfH,T_Treg,T_CD4+_naive,T_CD8+_naive,T_CD8+_CD161+
ATM	SESN1	post_translational	B_GC_DZ,T_CD4+_TfH,T_CD4+_naive,T_CD8+_naive,T_CD8+_cytotoxic	T_CD4+_TfH,T_CD4+_TfH_GC,T_Treg,T_CD8+_CD161+,NKT,NK,ILC
ATM	RNF19A	post_translational	B_GC_DZ,T_CD4+_TfH,T_CD4+_naive,T_CD8+_naive,T_CD8+_cytotoxic	T_CD4+_TfH,T_CD4+_TfH_GC,T_TfR,T_TIM3+,T_CD8+_cytotoxic
ATM	FNBP4	post_translational	B_GC_DZ,T_CD4+_TfH,T_CD4+_naive,T_CD8+_naive,T_CD8+_cytotoxic	B_activated
ATM	RALY	post_translational	B_GC_DZ,T_CD4+_TfH,T_CD4+_naive,T_CD8+_naive,T_CD8+_cytotoxic	B_Cycling,T_CD4+_TfH_GC,T_TIM3+,NK,DC_pDC,DC_CCR7+
ATM	RAPGEF6	post_translational	B_GC_DZ,T_CD4+_TfH,T_CD4+_naive,T_CD8+_naive,T_CD8+_cytotoxic	T_CD4+_TfH,T_CD4+_naive
ATM	ATF7IP	post_translational	B_GC_DZ,T_CD4+_TfH,T_CD4+_naive,T_CD8+_naive,T_CD8+_cytotoxic	B_naive,B_activated,B_preGC,T_CD8+_cytotoxic
ATM	ATP11C	post_translational	B_GC_DZ,T_CD4+_TfH,T_CD4+_naive,T_CD8+_naive,T_CD8+_cytotoxic	DC_CCR7+,Macrophages_M2
STAT4	IRF1	transcriptional	T_CD4+,T_CD4+_TfH,T_Treg,T_CD4+_naive,T_CD8+_naive,T_CD8+_cytotoxic,T_CD8+_CD161+,NKT,NK,ILC	B_IFN,B_activated,T_CD4+,T_CD4+_TfH,T_Treg,T_CD8+_cytotoxic,T_CD8+_CD161+,NKT,NK,ILC,DC_CCR7+
IRF1	STAT1	transcriptional	B_IFN,B_activated,T_CD4+,T_CD4+_TfH,T_Treg,T_CD8+_cytotoxic,T_CD8+_CD161+,NKT,NK,ILC,DC_CCR7+	B_IFN,T_CD4+,T_Treg,T_TfR,T_TIM3+,T_CD4+_naive,T_CD8+_naive,T_CD8+_cytotoxic,NKT,NK,DC_cDC2,Monocytes,Macrophages_M1,Macrophages_M2
STAT1	IRF1	transcriptional	B_IFN,T_CD4+,T_Treg,T_TfR,T_TIM3+,T_CD4+_naive,T_CD8+_naive,T_CD8+_cytotoxic,NKT,NK,DC_cDC2,Monocytes,Macrophages_M1,Macrophages_M2	B_IFN,B_activated,T_CD4+,T_CD4+_TfH,T_Treg,T_CD8+_cytotoxic,T_CD8+_CD161+,NKT,NK,ILC,DC_CCR7+
IRF1	CCL5	transcriptional	B_IFN,B_activated,T_CD4+,T_CD4+_TfH,T_Treg,T_CD8+_cytotoxic,T_CD8+_CD161+,NKT,NK,ILC,DC_CCR7+	T_CD8+_cytotoxic,T_CD8+_CD161+,NKT,NK
IRF1	TAP2	transcriptional	B_IFN,B_activated,T_CD4+,T_CD4+_TfH,T_Treg,T_CD8+_cytotoxic,T_CD8+_CD161+,NKT,NK,ILC,DC_CCR7+	B_IFN,T_CD8+_cytotoxic,DC_cDC2
STAT1	CASP4	transcriptional	B_IFN,T_CD4+,T_Treg,T_TfR,T_TIM3+,T_CD4+_naive,T_CD8+_naive,T_CD8+_cytotoxic,NKT,NK,DC_cDC2,Monocytes,Macrophages_M1,Macrophages_M2	B_IFN,B_naive,B_mem,T_TfR,T_CD8+_cytotoxic,NKT,NK,Monocytes
STAT1	CXCL9	transcriptional	B_IFN,T_CD4+,T_Treg,T_TfR,T_TIM3+,T_CD4+_naive,T_CD8+_naive,T_CD8+_cytotoxic,NKT,NK,DC_cDC2,Monocytes,Macrophages_M1,Macrophages_M2	DC_cDC1,DC_cDC2,DC_CCR7+,Macrophages_M1,Macrophages_M2
STAT1	FAS	transcriptional	B_IFN,T_CD4+,T_Treg,T_TfR,T_TIM3+,T_CD4+_naive,T_CD8+_naive,T_CD8+_cytotoxic,NKT,NK,DC_cDC2,Monocytes,Macrophages_M1,Macrophages_M2	T_CD4+,T_CD4+_TfH,T_CD4+_TfH_GC,T_Treg,T_TfR,T_CD8+_cytotoxic,T_CD8+_CD161+,NKT
FOXP3	CTLA4	transcriptional	T_Treg,T_TfR	T_CD4+_TfH,T_CD4+_TfH_GC,T_Treg,T_TfR,T_TIM3+
IRF1	FOXP3	transcriptional	B_IFN,B_activated,T_CD4+,T_CD4+_TfH,T_Treg,T_CD8+_cytotoxic,T_CD8+_CD161+,NKT,NK,ILC,DC_CCR7+	T_Treg,T_TfR
SATB1	CD8A	transcriptional	T_CD4+_TfH,T_TfR,T_CD4+_naive,T_CD8+_naive,T_CD8+_CD161+,NKT,NK,ILC	T_CD8+_naive,T_CD8+_cytotoxic,T_CD8+_CD161+,NKT
STAT1	FOXP3	transcriptional	B_IFN,T_CD4+,T_Treg,T_TfR,T_TIM3+,T_CD4+_naive,T_CD8+_naive,T_CD8+_cytotoxic,NKT,NK,DC_cDC2,Monocytes,Macrophages_M1,Macrophages_M2	T_Treg,T_TfR
FOXP3	STAT1	transcriptional	T_Treg,T_TfR	B_IFN,T_CD4+,T_Treg,T_TfR,T_TIM3+,T_CD4+_naive,T_CD8+_naive,T_CD8+_cytotoxic,NKT,NK,DC_cDC2,Monocytes,Macrophages_M1,Macrophages_M2
FOXP3	BCL11B	transcriptional	T_Treg,T_TfR	T_CD4+,T_CD4+_TfH,T_CD4+_TfH_GC,T_Treg,T_TfR,T_TIM3+,T_CD4+_naive,T_CD8+_naive,T_CD8+_cytotoxic,T_CD8+_CD161+
STAT4	S100A4	transcriptional	T_CD4+,T_CD4+_TfH,T_Treg,T_CD4+_naive,T_CD8+_naive,T_CD8+_cytotoxic,T_CD8+_CD161+,NKT,NK,ILC	T_CD4+,T_CD4+_TfH,T_CD4+_TfH_GC,T_Treg,T_TfR,T_TIM3+,T_CD8+_naive,T_CD8+_cytotoxic,T_CD8+_CD161+,NKT,NK,ILC,Monocytes,Mast,VSMC
STAT2	IRF9	transcriptional	B_IFN,B_naive,B_plasma,DC_pDC,Monocytes,Macrophages_M1	B_IFN,T_CD4+_TfH,T_Treg,T_CD4+_naive,ILC
STAT1	GBP1	transcriptional	B_IFN,T_CD4+,T_Treg,T_TfR,T_TIM3+,T_CD4+_naive,T_CD8+_naive,T_CD8+_cytotoxic,NKT,NK,DC_cDC2,Monocytes,Macrophages_M1,Macrophages_M2	B_IFN,T_CD4+,T_TIM3+,T_CD4+_naive,T_CD8+_naive,T_CD8+_cytotoxic,NKT,NK,DC_cDC2,DC_CCR7+,Monocytes,Macrophages_M1,Macrophages_M2,Endo
STAT2	IRF1	transcriptional	B_IFN,B_naive,B_plasma,DC_pDC,Monocytes,Macrophages_M1	B_IFN,B_activated,T_CD4+,T_CD4+_TfH,T_Treg,T_CD8+_cytotoxic,T_CD8+_CD161+,NKT,NK,ILC,DC_CCR7+
STAT1	IDO1	transcriptional	B_IFN,T_CD4+,T_Treg,T_TfR,T_TIM3+,T_CD4+_naive,T_CD8+_naive,T_CD8+_cytotoxic,NKT,NK,DC_cDC2,Monocytes,Macrophages_M1,Macrophages_M2	DC_cDC1,DC_cDC2,DC_CCR7+,FDC
SATB1	CD8B	transcriptional	T_CD4+_TfH,T_TfR,T_CD4+_naive,T_CD8+_naive,T_CD8+_CD161+,NKT,NK,ILC	T_CD8+_naive,T_CD8+_cytotoxic,T_CD8+_CD161+,NKT
FOXP3	SATB1	transcriptional	T_Treg,T_TfR	T_CD4+_TfH,T_TfR,T_CD4+_naive,T_CD8+_naive,T_CD8+_CD161+,NKT,NK,ILC
STAT1	CCL3	transcriptional	B_IFN,T_CD4+,T_Treg,T_TfR,T_TIM3+,T_CD4+_naive,T_CD8+_naive,T_CD8+_cytotoxic,NKT,NK,DC_cDC2,Monocytes,Macrophages_M1,Macrophages_M2	B_plasma,T_CD8+_cytotoxic,NK,DC_cDC2,Monocytes,Macrophages_M1,Macrophages_M2
STAT1	PIM1	transcriptional	B_IFN,T_CD4+,T_Treg,T_TfR,T_TIM3+,T_CD4+_naive,T_CD8+_naive,T_CD8+_cytotoxic,NKT,NK,DC_cDC2,Monocytes,Macrophages_M1,Macrophages_M2	B_GC_DZ,B_plasma,T_CD4+_TfH,T_Treg,T_CD4+_naive,T_CD8+_naive,T_CD8+_CD161+,NKT,NK,Mast
STAT1	STAT2	transcriptional	B_IFN,T_CD4+,T_Treg,T_TfR,T_TIM3+,T_CD4+_naive,T_CD8+_naive,T_CD8+_cytotoxic,NKT,NK,DC_cDC2,Monocytes,Macrophages_M1,Macrophages_M2	B_IFN,B_naive,B_plasma,DC_pDC,Monocytes,Macrophages_M1
STAT2	STAT1	transcriptional	B_IFN,B_naive,B_plasma,DC_pDC,Monocytes,Macrophages_M1	B_IFN,T_CD4+,T_Treg,T_TfR,T_TIM3+,T_CD4+_naive,T_CD8+_naive,T_CD8+_cytotoxic,NKT,NK,DC_cDC2,Monocytes,Macrophages_M1,Macrophages_M2
STAT4	PIM1	transcriptional	T_CD4+,T_CD4+_TfH,T_Treg,T_CD4+_naive,T_CD8+_naive,T_CD8+_cytotoxic,T_CD8+_CD161+,NKT,NK,ILC	B_GC_DZ,B_plasma,T_CD4+_TfH,T_Treg,T_CD4+_naive,T_CD8+_naive,T_CD8+_CD161+,NKT,NK,Mast
TCF7	LEF1	transcriptional	T_CD4+,T_CD4+_TfH,T_CD4+_TfH_GC,T_TIM3+,T_CD4+_naive,T_CD8+_naive,T_CD8+_CD161+,ILC	T_CD4+,T_CD4+_TfH,T_Treg,T_TIM3+,T_CD4+_naive,T_CD8+_naive,T_CD8+_CD161+
STAT1	IFITM1	transcriptional	B_IFN,T_CD4+,T_Treg,T_TfR,T_TIM3+,T_CD4+_naive,T_CD8+_naive,T_CD8+_cytotoxic,NKT,NK,DC_cDC2,Monocytes,Macrophages_M1,Macrophages_M2	B_IFN,T_CD4+,T_CD4+_TfH,T_CD4+_TfH_GC,T_Treg,T_TfR,T_CD4+_naive,T_CD8+_naive,T_CD8+_cytotoxic,T_CD8+_CD161+,NKT,NK,Endo,VSMC
STAT1	IRF9	transcriptional	B_IFN,T_CD4+,T_Treg,T_TfR,T_TIM3+,T_CD4+_naive,T_CD8+_naive,T_CD8+_cytotoxic,NKT,NK,DC_cDC2,Monocytes,Macrophages_M1,Macrophages_M2	B_IFN,T_CD4+_TfH,T_Treg,T_CD4+_naive,ILC
FOXP1	NCOR2	transcriptional	B_naive,B_activated,B_preGC,B_GC_DZ,T_Treg,T_TIM3+,T_CD4+_naive,T_CD8+_naive	DC_CCR7+,Macrophages_M1,Mast
STAT1	FOXP1	transcriptional	B_IFN,T_CD4+,T_Treg,T_TfR,T_TIM3+,T_CD4+_naive,T_CD8+_naive,T_CD8+_cytotoxic,NKT,NK,DC_cDC2,Monocytes,Macrophages_M1,Macrophages_M2	B_naive,B_activated,B_preGC,B_GC_DZ,T_Treg,T_TIM3+,T_CD4+_naive,T_CD8+_naive
IRF1	APOL2	transcriptional	B_IFN,B_activated,T_CD4+,T_CD4+_TfH,T_Treg,T_CD8+_cytotoxic,T_CD8+_CD161+,NKT,NK,ILC,DC_CCR7+	B_plasma,T_CD8+_cytotoxic,NKT,NK,DC_cDC1,DC_CCR7+
STAT1	AAK1	transcriptional	B_IFN,T_CD4+,T_Treg,T_TfR,T_TIM3+,T_CD4+_naive,T_CD8+_naive,T_CD8+_cytotoxic,NKT,NK,DC_cDC2,Monocytes,Macrophages_M1,Macrophages_M2	T_CD4+,T_CD4+_TfH,T_Treg,T_TfR,T_TIM3+,T_CD4+_naive,T_CD8+_naive,T_CD8+_cytotoxic,T_CD8+_CD161+,NKT,NK,ILC
STAT1	APOL6	transcriptional	B_IFN,T_CD4+,T_Treg,T_TfR,T_TIM3+,T_CD4+_naive,T_CD8+_naive,T_CD8+_cytotoxic,NKT,NK,DC_cDC2,Monocytes,Macrophages_M1,Macrophages_M2	B_IFN,T_CD4+,T_CD4+_TfH,T_Treg,T_TfR,T_TIM3+,T_CD4+_naive,T_CD8+_naive,T_CD8+_cytotoxic,T_CD8+_CD161+,NKT,NK,Monocytes
STAT1	ARHGEF3	transcriptional	B_IFN,T_CD4+,T_Treg,T_TfR,T_TIM3+,T_CD4+_naive,T_CD8+_naive,T_CD8+_cytotoxic,NKT,NK,DC_cDC2,Monocytes,Macrophages_M1,Macrophages_M2	T_CD4+,T_CD4+_TfH,T_CD4+_TfH_GC,T_Treg,T_TfR,T_TIM3+,T_CD4+_naive,T_CD8+_naive,T_CD8+_cytotoxic,NKT,NK
STAT1	ATP11C	transcriptional	B_IFN,T_CD4+,T_Treg,T_TfR,T_TIM3+,T_CD4+_naive,T_CD8+_naive,T_CD8+_cytotoxic,NKT,NK,DC_cDC2,Monocytes,Macrophages_M1,Macrophages_M2	DC_CCR7+,Macrophages_M2
STAT1	BCL2	transcriptional	B_IFN,T_CD4+,T_Treg,T_TfR,T_TIM3+,T_CD4+_naive,T_CD8+_naive,T_CD8+_cytotoxic,NKT,NK,DC_cDC2,Monocytes,Macrophages_M1,Macrophages_M2	B_IFN,B_activated,B_preGC,B_mem,T_Treg,T_TfR,T_CD8+_CD161+
STAT1	CCND3	transcriptional	B_IFN,T_CD4+,T_Treg,T_TfR,T_TIM3+,T_CD4+_naive,T_CD8+_naive,T_CD8+_cytotoxic,NKT,NK,DC_cDC2,Monocytes,Macrophages_M1,Macrophages_M2	B_Cycling,T_CD4+,T_CD4+_TfH_GC,T_Treg,T_CD4+_naive,T_CD8+_naive,T_CD8+_CD161+,NKT,NK,ILC
STAT1	CD7	transcriptional	B_IFN,T_CD4+,T_Treg,T_TfR,T_TIM3+,T_CD4+_naive,T_CD8+_naive,T_CD8+_cytotoxic,NKT,NK,DC_cDC2,Monocytes,Macrophages_M1,Macrophages_M2	T_CD4+,T_CD4+_TfH,T_CD4+_TfH_GC,T_Treg,T_TfR,T_CD4+_naive,T_CD8+_naive,T_CD8+_cytotoxic,T_CD8+_CD161+,NKT,NK,ILC
STAT1	ELMO1	transcriptional	B_IFN,T_CD4+,T_Treg,T_TfR,T_TIM3+,T_CD4+_naive,T_CD8+_naive,T_CD8+_cytotoxic,NKT,NK,DC_cDC2,Monocytes,Macrophages_M1,Macrophages_M2	B_GC_LZ,B_mem,T_CD4+_TfH_GC,T_TfR
STAT1	FAM78A	transcriptional	B_IFN,T_CD4+,T_Treg,T_TfR,T_TIM3+,T_CD4+_naive,T_CD8+_naive,T_CD8+_cytotoxic,NKT,NK,DC_cDC2,Monocytes,Macrophages_M1,Macrophages_M2	B_IFN
STAT1	FYN	transcriptional	B_IFN,T_CD4+,T_Treg,T_TfR,T_TIM3+,T_CD4+_naive,T_CD8+_naive,T_CD8+_cytotoxic,NKT,NK,DC_cDC2,Monocytes,Macrophages_M1,Macrophages_M2	T_CD4+,T_CD4+_TfH,T_CD4+_TfH_GC,T_Treg,T_TfR,T_TIM3+,T_CD8+_cytotoxic,T_CD8+_CD161+,NKT,NK,ILC
STAT1	GRAMD1A	transcriptional	B_IFN,T_CD4+,T_Treg,T_TfR,T_TIM3+,T_CD4+_naive,T_CD8+_naive,T_CD8+_cytotoxic,NKT,NK,DC_cDC2,Monocytes,Macrophages_M1,Macrophages_M2	T_CD4+,T_CD4+_TfH,T_Treg,T_CD4+_naive,T_CD8+_naive,T_CD8+_cytotoxic,T_CD8+_CD161+,NKT,ILC,DC_CCR7+
STAT1	GSDMD	transcriptional	B_IFN,T_CD4+,T_Treg,T_TfR,T_TIM3+,T_CD4+_naive,T_CD8+_naive,T_CD8+_cytotoxic,NKT,NK,DC_cDC2,Monocytes,Macrophages_M1,Macrophages_M2	T_TIM3+,T_CD8+_cytotoxic,NKT,Macrophages_M1,Macrophages_M2,Endo
STAT1	IL7R	transcriptional	B_IFN,T_CD4+,T_Treg,T_TfR,T_TIM3+,T_CD4+_naive,T_CD8+_naive,T_CD8+_cytotoxic,NKT,NK,DC_cDC2,Monocytes,Macrophages_M1,Macrophages_M2	T_CD4+,T_CD4+_TfH,T_Treg,T_CD4+_naive,T_CD8+_naive,T_CD8+_cytotoxic,T_CD8+_CD161+,NKT,ILC,DC_CCR7+
STAT1	IPCEF1	transcriptional	B_IFN,T_CD4+,T_Treg,T_TfR,T_TIM3+,T_CD4+_naive,T_CD8+_naive,T_CD8+_cytotoxic,NKT,NK,DC_cDC2,Monocytes,Macrophages_M1,Macrophages_M2	T_CD4+_TfH,T_CD4+_TfH_GC,T_Treg,T_TfR,T_TIM3+,T_CD4+_naive,T_CD8+_naive,T_CD8+_cytotoxic,T_CD8+_CD161+,NKT,NK
STAT1	LCP2	transcriptional	B_IFN,T_CD4+,T_Treg,T_TfR,T_TIM3+,T_CD4+_naive,T_CD8+_naive,T_CD8+_cytotoxic,NKT,NK,DC_cDC2,Monocytes,Macrophages_M1,Macrophages_M2	T_CD4+,T_CD4+_TfH,T_CD4+_TfH_GC,T_Treg,T_TfR,T_TIM3+,T_CD4+_naive,T_CD8+_naive,T_CD8+_cytotoxic,T_CD8+_CD161+,NKT,NK,ILC,DC_cDC2,Monocytes,Macrophages_M2
STAT1	LGALS3BP	transcriptional	B_IFN,T_CD4+,T_Treg,T_TfR,T_TIM3+,T_CD4+_naive,T_CD8+_naive,T_CD8+_cytotoxic,NKT,NK,DC_cDC2,Monocytes,Macrophages_M1,Macrophages_M2	T_CD4+,T_CD4+_TfH,T_CD4+_naive,T_CD8+_naive,Macrophages_M2,FDC,VSMC
STAT1	NLRC5	transcriptional	B_IFN,T_CD4+,T_Treg,T_TfR,T_TIM3+,T_CD4+_naive,T_CD8+_naive,T_CD8+_cytotoxic,NKT,NK,DC_cDC2,Monocytes,Macrophages_M1,Macrophages_M2	B_IFN,T_TIM3+,T_CD8+_naive,T_CD8+_cytotoxic,NKT
STAT1	PRKCH	transcriptional	B_IFN,T_CD4+,T_Treg,T_TfR,T_TIM3+,T_CD4+_naive,T_CD8+_naive,T_CD8+_cytotoxic,NKT,NK,DC_cDC2,Monocytes,Macrophages_M1,Macrophages_M2	T_CD4+,T_CD4+_TfH,T_CD4+_TfH_GC,T_Treg,T_TfR,T_TIM3+,T_CD4+_naive,T_CD8+_naive,T_CD8+_cytotoxic,T_CD8+_CD161+,NKT,NK,ILC
STAT1	PRKCH	transcriptional	B_IFN,T_CD4+,T_Treg,T_TfR,T_TIM3+,T_CD4+_naive,T_CD8+_naive,T_CD8+_cytotoxic,NKT,NK,DC_cDC2,Monocytes,Macrophages_M1,Macrophages_M2	T_CD4+,T_CD4+_TfH,T_CD4+_TfH_GC,T_Treg,T_TfR,T_TIM3+,T_CD4+_naive,T_CD8+_naive,T_CD8+_cytotoxic,T_CD8+_CD161+,NKT,NK,ILC
STAT1	PTPN2	transcriptional	B_IFN,T_CD4+,T_Treg,T_TfR,T_TIM3+,T_CD4+_naive,T_CD8+_naive,T_CD8+_cytotoxic,NKT,NK,DC_cDC2,Monocytes,Macrophages_M1,Macrophages_M2	T_CD4+_TfH_GC,T_TfR,NK,DC_pDC
STAT1	PTPRJ	transcriptional	B_IFN,T_CD4+,T_Treg,T_TfR,T_TIM3+,T_CD4+_naive,T_CD8+_naive,T_CD8+_cytotoxic,NKT,NK,DC_cDC2,Monocytes,Macrophages_M1,Macrophages_M2	T_CD4+_TfH_GC,T_TfR,T_TIM3+,T_CD8+_cytotoxic,Monocytes,Macrophages_M1,Macrophages_M2
STAT1	RASSF5	transcriptional	B_IFN,T_CD4+,T_Treg,T_TfR,T_TIM3+,T_CD4+_naive,T_CD8+_naive,T_CD8+_cytotoxic,NKT,NK,DC_cDC2,Monocytes,Macrophages_M1,Macrophages_M2	T_CD4+,T_CD4+_TfH_GC,T_Treg,T_TfR,T_TIM3+,T_CD4+_naive,T_CD8+_naive,T_CD8+_cytotoxic,T_CD8+_CD161+,NKT,NK
STAT1	RIN3	transcriptional	B_IFN,T_CD4+,T_Treg,T_TfR,T_TIM3+,T_CD4+_naive,T_CD8+_naive,T_CD8+_cytotoxic,NKT,NK,DC_cDC2,Monocytes,Macrophages_M1,Macrophages_M2	B_IFN,B_activated,T_Treg,T_CD4+_naive,T_CD8+_naive,NK,ILC,DC_cDC2,Monocytes,Mast
STAT1	RNF213	transcriptional	B_IFN,T_CD4+,T_Treg,T_TfR,T_TIM3+,T_CD4+_naive,T_CD8+_naive,T_CD8+_cytotoxic,NKT,NK,DC_cDC2,Monocytes,Macrophages_M1,Macrophages_M2	B_IFN,T_CD4+,T_CD4+_TfH,T_CD4+_TfH_GC,T_TfR,T_TIM3+,T_CD4+_naive,T_CD8+_naive,T_CD8+_cytotoxic,T_CD8+_CD161+,NKT,NK,DC_pDC,Monocytes
STAT1	SAMSN1	transcriptional	B_IFN,T_CD4+,T_Treg,T_TfR,T_TIM3+,T_CD4+_naive,T_CD8+_naive,T_CD8+_cytotoxic,NKT,NK,DC_cDC2,Monocytes,Macrophages_M1,Macrophages_M2	B_mem,T_CD4+,T_CD4+_TfH,T_Treg,T_CD8+_cytotoxic,T_CD8+_CD161+,DC_CCR7+,Monocytes,Mast
STAT1	SELPLG	transcriptional	B_IFN,T_CD4+,T_Treg,T_TfR,T_TIM3+,T_CD4+_naive,T_CD8+_naive,T_CD8+_cytotoxic,NKT,NK,DC_cDC2,Monocytes,Macrophages_M1,Macrophages_M2	T_CD4+,T_CD4+_TfH,T_Treg,T_TfR,T_TIM3+,T_CD4+_naive,T_CD8+_naive,T_CD8+_cytotoxic,T_CD8+_CD161+,NKT,NK,DC_pDC,DC_cDC1,DC_cDC2,DC_CCR7+,Monocytes,Macrophages_M1
STAT1	SLA	transcriptional	B_IFN,T_CD4+,T_Treg,T_TfR,T_TIM3+,T_CD4+_naive,T_CD8+_naive,T_CD8+_cytotoxic,NKT,NK,DC_cDC2,Monocytes,Macrophages_M1,Macrophages_M2	T_CD4+_TfH,T_CD4+_TfH_GC,T_Treg,T_TfR,T_TIM3+,T_CD4+_naive,T_CD8+_cytotoxic,T_CD8+_CD161+,NK,ILC,Macrophages_M2
STAT1	TIAM1	transcriptional	B_IFN,T_CD4+,T_Treg,T_TfR,T_TIM3+,T_CD4+_naive,T_CD8+_naive,T_CD8+_cytotoxic,NKT,NK,DC_cDC2,Monocytes,Macrophages_M1,Macrophages_M2	T_CD4+_TfH,T_CD4+_TfH_GC,T_Treg,T_TfR,T_CD4+_naive,ILC
STAT1	TNFAIP3	transcriptional	B_IFN,T_CD4+,T_Treg,T_TfR,T_TIM3+,T_CD4+_naive,T_CD8+_naive,T_CD8+_cytotoxic,NKT,NK,DC_cDC2,Monocytes,Macrophages_M1,Macrophages_M2	T_CD4+,T_CD4+_TfH,T_Treg,T_TfR,T_CD4+_naive,T_CD8+_naive,T_CD8+_cytotoxic,T_CD8+_CD161+,NKT,NK,ILC,DC_CCR7+,Mast
STAT1	TRAF1	transcriptional	B_IFN,T_CD4+,T_Treg,T_TfR,T_TIM3+,T_CD4+_naive,T_CD8+_naive,T_CD8+_cytotoxic,NKT,NK,DC_cDC2,Monocytes,Macrophages_M1,Macrophages_M2	T_CD4+,T_CD4+_TfH,T_CD4+_TfH_GC,T_Treg,T_TfR,T_CD8+_cytotoxic,T_CD8+_CD161+,NKT,DC_CCR7+
STAT1	TSPAN14	transcriptional	B_IFN,T_CD4+,T_Treg,T_TfR,T_TIM3+,T_CD4+_naive,T_CD8+_naive,T_CD8+_cytotoxic,NKT,NK,DC_cDC2,Monocytes,Macrophages_M1,Macrophages_M2	T_CD4+,T_CD4+_TfH,T_CD4+_TfH_GC,T_Treg,T_TfR,T_CD4+_naive,T_CD8+_naive,T_CD8+_cytotoxic,T_CD8+_CD161+,NKT,NK,Monocytes
STAT2	IFITM1	transcriptional	B_IFN,B_naive,B_plasma,DC_pDC,Monocytes,Macrophages_M1	B_IFN,T_CD4+,T_CD4+_TfH,T_CD4+_TfH_GC,T_Treg,T_TfR,T_CD4+_naive,T_CD8+_naive,T_CD8+_cytotoxic,T_CD8+_CD161+,NKT,NK,Endo,VSMC
STAT2	NUB1	transcriptional	B_IFN,B_naive,B_plasma,DC_pDC,Monocytes,Macrophages_M1	B_IFN,T_CD8+_cytotoxic,NKT,DC_CCR7+
STAT2	PARP10	transcriptional	B_IFN,B_naive,B_plasma,DC_pDC,Monocytes,Macrophages_M1	B_IFN,T_CD8+_cytotoxic,DC_pDC
STAT2	PIM1	transcriptional	B_IFN,B_naive,B_plasma,DC_pDC,Monocytes,Macrophages_M1	B_GC_DZ,B_plasma,T_CD4+_TfH,T_Treg,T_CD4+_naive,T_CD8+_naive,T_CD8+_CD161+,NKT,NK,Mast
STAT2	TAP2	transcriptional	B_IFN,B_naive,B_plasma,DC_pDC,Monocytes,Macrophages_M1	B_IFN,T_CD8+_cytotoxic,DC_cDC2
IRF1	ASPSCR1	transcriptional	B_IFN,B_activated,T_CD4+,T_CD4+_TfH,T_Treg,T_CD8+_cytotoxic,T_CD8+_CD161+,NKT,NK,ILC,DC_CCR7+	B_IFN
IRF1	CD7	transcriptional	B_IFN,B_activated,T_CD4+,T_CD4+_TfH,T_Treg,T_CD8+_cytotoxic,T_CD8+_CD161+,NKT,NK,ILC,DC_CCR7+	T_CD4+,T_CD4+_TfH,T_CD4+_TfH_GC,T_Treg,T_TfR,T_CD4+_naive,T_CD8+_naive,T_CD8+_cytotoxic,T_CD8+_CD161+,NKT,NK,ILC
FOXP3	ARRB2	transcriptional	T_Treg,T_TfR	T_CD4+,T_TIM3+,T_CD4+_naive,T_CD8+_naive,T_CD8+_cytotoxic,T_CD8+_CD161+,NKT,NK,DC_cDC2,DC_CCR7+,Monocytes,Macrophages_M1,Macrophages_M2
FOXP3	ATM	transcriptional	T_Treg,T_TfR	B_GC_DZ,T_CD4+_TfH,T_CD4+_naive,T_CD8+_naive,T_CD8+_cytotoxic
FOXP3	BCL2	transcriptional	T_Treg,T_TfR	B_IFN,B_activated,B_preGC,B_mem,T_Treg,T_TfR,T_CD8+_CD161+
FOXP3	CAMK4	transcriptional	T_Treg,T_TfR	T_CD4+,T_CD4+_TfH,T_Treg,T_CD4+_naive,T_CD8+_naive,T_CD8+_cytotoxic,T_CD8+_CD161+,NKT
FOXP3	CASP4	transcriptional	T_Treg,T_TfR	B_IFN,B_naive,B_mem,T_TfR,T_CD8+_cytotoxic,NKT,NK,Monocytes
FOXP3	CD2	transcriptional	T_Treg,T_TfR	T_CD4+,T_CD4+_TfH,T_CD4+_TfH_GC,T_Treg,T_TfR,T_TIM3+,T_CD4+_naive,T_CD8+_naive,T_CD8+_cytotoxic,T_CD8+_CD161+,NKT,NK
FOXP3	CD3E	transcriptional	T_Treg,T_TfR	T_CD4+,T_CD4+_TfH,T_CD4+_TfH_GC,T_Treg,T_TfR,T_TIM3+,T_CD4+_naive,T_CD8+_naive,T_CD8+_cytotoxic,T_CD8+_CD161+,NKT
FOXP3	CD247	transcriptional	T_Treg,T_TfR	T_CD4+,T_CD4+_TfH,T_CD4+_TfH_GC,T_Treg,T_TfR,T_TIM3+,T_CD4+_naive,T_CD8+_naive,T_CD8+_cytotoxic,T_CD8+_CD161+,NKT,NK
FOXP3	CD5	transcriptional	T_Treg,T_TfR	T_CD4+,T_CD4+_TfH,T_CD4+_TfH_GC,T_Treg,T_TfR,T_TIM3+,T_CD4+_naive,T_CD8+_naive,T_CD8+_cytotoxic,T_CD8+_CD161+
FOXP3	CD6	transcriptional	T_Treg,T_TfR	T_CD4+,T_CD4+_TfH,T_CD4+_TfH_GC,T_Treg,T_TfR,T_TIM3+,T_CD4+_naive,T_CD8+_naive,T_CD8+_cytotoxic,T_CD8+_CD161+,NKT
FOXP3	CD8A	transcriptional	T_Treg,T_TfR	T_CD8+_naive,T_CD8+_cytotoxic,T_CD8+_CD161+,NKT
FOXP3	CD27	transcriptional	T_Treg,T_TfR	B_GC_DZ,B_GC_prePB,B_plasma,T_CD4+_TfH_GC,T_Treg,T_TfR,T_TIM3+,T_CD4+_naive,T_CD8+_naive,T_CD8+_cytotoxic
FOXP3	CD28	transcriptional	T_Treg,T_TfR	T_CD4+,T_CD4+_TfH,T_CD4+_TfH_GC,T_Treg,T_TfR,T_TIM3+,T_CD4+_naive,T_CD8+_naive,T_CD8+_cytotoxic,T_CD8+_CD161+,NKT
FOXP3	CD40LG	transcriptional	T_Treg,T_TfR	T_CD4+,T_CD4+_TfH,T_CD4+_TfH_GC,T_TfR,T_CD4+_naive,NKT
FOXP3	CD69	transcriptional	T_Treg,T_TfR	B_activated,B_mem,T_CD4+,T_CD4+_TfH,T_Treg,T_CD4+_naive,T_CD8+_cytotoxic,T_CD8+_CD161+,NKT,NK,ILC,Mast
FOXP3	CDKN1B	transcriptional	T_Treg,T_TfR	B_activated,T_CD4+,T_CD4+_TfH,T_Treg,T_CD4+_naive,T_CD8+_naive,T_CD8+_cytotoxic,T_CD8+_CD161+
FOXP3	CCR7	transcriptional	T_Treg,T_TfR	T_CD4+,T_CD4+_TfH,T_Treg,T_CD4+_naive,T_CD8+_naive,DC_CCR7+
FOXP3	CYLD	transcriptional	T_Treg,T_TfR	T_CD4+,T_CD4+_TfH,T_CD4+_TfH_GC,T_Treg,T_TfR,T_CD4+_naive,T_CD8+_cytotoxic,T_CD8+_CD161+,NK
FOXP3	DGKA	transcriptional	T_Treg,T_TfR	T_CD4+,T_CD4+_TfH,T_CD4+_TfH_GC,T_Treg,T_TfR,T_TIM3+,T_CD4+_naive,T_CD8+_naive
FOXP3	GADD45A	transcriptional	T_Treg,T_TfR	T_CD4+_TfH,T_CD4+_TfH_GC,T_Treg,T_TfR,T_CD4+_naive,T_CD8+_naive,T_CD8+_CD161+,ILC,DC_CCR7+
FOXP3	FYN	transcriptional	T_Treg,T_TfR	T_CD4+,T_CD4+_TfH,T_CD4+_TfH_GC,T_Treg,T_TfR,T_TIM3+,T_CD8+_cytotoxic,T_CD8+_CD161+,NKT,NK,ILC
FOXP3	GBP2	transcriptional	T_Treg,T_TfR	B_IFN,T_CD4+,T_CD4+_TfH_GC,T_Treg,T_TfR,T_TIM3+,T_CD4+_naive,T_CD8+_naive,T_CD8+_cytotoxic,T_CD8+_CD161+,NKT,NK,Monocytes
FOXP3	GRSF1	transcriptional	T_Treg,T_TfR	B_GC_LZ,B_GC_DZ,T_CD4+_TfH_GC,DC_pDC,DC_cDC1,DC_CCR7+,Macrophages_M2,VSMC
FOXP3	IFNAR2	transcriptional	T_Treg,T_TfR	T_CD4+,T_CD4+_TfH,T_Treg,T_TIM3+,T_CD8+_naive,NKT,NK,ILC,DC_pDC,Monocytes,Macrophages_M2
FOXP3	IL2RB	transcriptional	T_Treg,T_TfR	T_CD4+_TfH,T_CD4+_TfH_GC,T_Treg,T_TfR,T_CD8+_cytotoxic,T_CD8+_CD161+,NKT,NK,ILC
FOXP3	IL7R	transcriptional	T_Treg,T_TfR	T_CD4+,T_CD4+_TfH,T_Treg,T_CD4+_naive,T_CD8+_naive,T_CD8+_cytotoxic,T_CD8+_CD161+,NKT,ILC,DC_CCR7+
FOXP3	ITGA6	transcriptional	T_Treg,T_TfR	T_CD4+,T_CD4+_TfH,T_CD4+_naive,T_CD8+_naive,NKT,Endo
FOXP3	ITK	transcriptional	T_Treg,T_TfR	T_CD4+,T_CD4+_TfH,T_CD4+_TfH_GC,T_Treg,T_TfR,T_CD4+_naive,T_CD8+_naive,T_CD8+_cytotoxic,T_CD8+_CD161+
FOXP3	ITPKB	transcriptional	T_Treg,T_TfR	B_GC_prePB,T_CD4+_TfH,T_CD4+_TfH_GC,T_TfR,T_CD4+_naive,T_CD8+_naive,T_CD8+_CD161+
FOXP3	ABLIM1	transcriptional	T_Treg,T_TfR	T_CD4+,T_CD4+_naive,T_CD8+_naive
FOXP3	MAL	transcriptional	T_Treg,T_TfR	T_CD4+,T_CD4+_TfH,T_Treg,T_TfR,T_CD4+_naive,T_CD8+_naive
FOXP3	NELL2	transcriptional	T_Treg,T_TfR	T_CD4+,T_CD4+_TfH,T_CD4+_naive,T_CD8+_naive,T_CD8+_cytotoxic,T_CD8+_CD161+
FOXP3	PDE3B	transcriptional	T_Treg,T_TfR	T_CD4+,T_CD4+_TfH,T_Treg,T_CD4+_naive,T_CD8+_naive,T_CD8+_cytotoxic,T_CD8+_CD161+,ILC
FOXP3	PIM1	transcriptional	T_Treg,T_TfR	B_GC_DZ,B_plasma,T_CD4+_TfH,T_Treg,T_CD4+_naive,T_CD8+_naive,T_CD8+_CD161+,NKT,NK,Mast
FOXP3	PPP1R2	transcriptional	T_Treg,T_TfR	T_CD4+,T_CD4+_TfH,T_CD4+_TfH_GC,T_Treg,T_TfR,T_CD4+_naive,T_CD8+_naive,T_CD8+_cytotoxic,T_CD8+_CD161+
FOXP3	PRKCA	transcriptional	T_Treg,T_TfR	T_CD4+_TfH,T_Treg,T_CD4+_naive,T_CD8+_naive,T_CD8+_CD161+,ILC,DC_cDC2,Mast
FOXP3	PRKCH	transcriptional	T_Treg,T_TfR	T_CD4+,T_CD4+_TfH,T_CD4+_TfH_GC,T_Treg,T_TfR,T_TIM3+,T_CD4+_naive,T_CD8+_naive,T_CD8+_cytotoxic,T_CD8+_CD161+,NKT,NK,ILC
FOXP3	PRKCH	transcriptional	T_Treg,T_TfR	T_CD4+,T_CD4+_TfH,T_CD4+_TfH_GC,T_Treg,T_TfR,T_TIM3+,T_CD4+_naive,T_CD8+_naive,T_CD8+_cytotoxic,T_CD8+_CD161+,NKT,NK,ILC
FOXP3	PRKX	transcriptional	T_Treg,T_TfR	T_CD4+,T_CD4+_TfH,T_CD8+_cytotoxic,T_CD8+_CD161+,NK,ILC,Mast
FOXP3	PTPN2	transcriptional	T_Treg,T_TfR	T_CD4+_TfH_GC,T_TfR,NK,DC_pDC
FOXP3	PTPRJ	transcriptional	T_Treg,T_TfR	T_CD4+_TfH_GC,T_TfR,T_TIM3+,T_CD8+_cytotoxic,Monocytes,Macrophages_M1,Macrophages_M2
FOXP3	RBL2	transcriptional	T_Treg,T_TfR	T_CD4+,T_CD4+_TfH,T_CD4+_TfH_GC,T_Treg,T_TIM3+,T_CD4+_naive,T_CD8+_naive,T_CD8+_cytotoxic,T_CD8+_CD161+,NKT
FOXP3	RGS1	transcriptional	T_Treg,T_TfR	B_IFN,B_activated,B_GC_prePB,B_plasma,B_mem,T_Treg,T_TfR,T_CD8+_cytotoxic,T_CD8+_CD161+,NK,ILC,DC_pDC,DC_CCR7+,Mast
FOXP3	RPS6KA3	transcriptional	T_Treg,T_TfR	T_CD4+_TfH,T_CD8+_CD161+,NKT,NK,ILC,DC_pDC
FOXP3	S100A4	transcriptional	T_Treg,T_TfR	T_CD4+,T_CD4+_TfH,T_CD4+_TfH_GC,T_Treg,T_TfR,T_TIM3+,T_CD8+_naive,T_CD8+_cytotoxic,T_CD8+_CD161+,NKT,NK,ILC,Monocytes,Mast,VSMC
FOXP3	SELPLG	transcriptional	T_Treg,T_TfR	T_CD4+,T_CD4+_TfH,T_Treg,T_TfR,T_TIM3+,T_CD4+_naive,T_CD8+_naive,T_CD8+_cytotoxic,T_CD8+_CD161+,NKT,NK,DC_pDC,DC_cDC1,DC_cDC2,DC_CCR7+,Monocytes,Macrophages_M1
FOXP3	SLA	transcriptional	T_Treg,T_TfR	T_CD4+_TfH,T_CD4+_TfH_GC,T_Treg,T_TfR,T_TIM3+,T_CD4+_naive,T_CD8+_cytotoxic,T_CD8+_CD161+,NK,ILC,Macrophages_M2
FOXP3	STAT4	transcriptional	T_Treg,T_TfR	T_CD4+,T_CD4+_TfH,T_Treg,T_CD4+_naive,T_CD8+_naive,T_CD8+_cytotoxic,T_CD8+_CD161+,NKT,NK,ILC
FOXP3	TIAM1	transcriptional	T_Treg,T_TfR	T_CD4+_TfH,T_CD4+_TfH_GC,T_Treg,T_TfR,T_CD4+_naive,ILC
FOXP3	TNFAIP3	transcriptional	T_Treg,T_TfR	T_CD4+,T_CD4+_TfH,T_Treg,T_TfR,T_CD4+_naive,T_CD8+_naive,T_CD8+_cytotoxic,T_CD8+_CD161+,NKT,NK,ILC,DC_CCR7+,Mast
FOXP3	TRAF1	transcriptional	T_Treg,T_TfR	T_CD4+,T_CD4+_TfH,T_CD4+_TfH_GC,T_Treg,T_TfR,T_CD8+_cytotoxic,T_CD8+_CD161+,NKT,DC_CCR7+
FOXP3	IFITM1	transcriptional	T_Treg,T_TfR	B_IFN,T_CD4+,T_CD4+_TfH,T_CD4+_TfH_GC,T_Treg,T_TfR,T_CD4+_naive,T_CD8+_naive,T_CD8+_cytotoxic,T_CD8+_CD161+,NKT,NK,Endo,VSMC
FOXP3	STX16	transcriptional	T_Treg,T_TfR	T_CD4+_TfH,T_CD4+_TfH_GC,T_Treg,T_TfR,T_CD4+_naive
FOXP3	PSTPIP1	transcriptional	T_Treg,T_TfR	T_CD4+,T_CD4+_TfH,T_CD4+_TfH_GC,T_TfR,T_TIM3+,T_CD8+_cytotoxic,T_CD8+_CD161+,NKT,NK,DC_cDC1
FOXP3	IL32	transcriptional	T_Treg,T_TfR	T_CD4+,T_CD4+_TfH,T_CD4+_TfH_GC,T_Treg,T_TfR,T_TIM3+,T_CD4+_naive,T_CD8+_naive,T_CD8+_cytotoxic,T_CD8+_CD161+,NKT,NK
FOXP3	GRAP2	transcriptional	T_Treg,T_TfR	T_CD4+,T_CD4+_TfH,T_TIM3+,T_CD4+_naive,T_CD8+_naive,T_CD8+_cytotoxic,T_CD8+_CD161+,NKT,Mast
FOXP3	ITM2A	transcriptional	T_Treg,T_TfR	T_CD4+,T_CD4+_TfH,T_CD4+_TfH_GC,T_Treg,T_TfR,T_TIM3+,T_CD4+_naive,T_CD8+_cytotoxic,T_CD8+_CD161+,Mast,Endo
FOXP3	ARHGEF6	transcriptional	T_Treg,T_TfR	T_CD4+_TfH_GC,T_TfR,T_TIM3+,Mast
FOXP3	CYTIP	transcriptional	T_Treg,T_TfR	B_activated,B_GC_prePB,T_CD4+,T_CD4+_TfH,T_Treg,T_CD4+_naive,T_CD8+_naive,T_CD8+_CD161+
FOXP3	LPIN2	transcriptional	T_Treg,T_TfR	T_CD4+,T_CD4+_TfH,T_TfR,T_CD4+_naive,T_CD8+_naive,T_CD8+_cytotoxic,T_CD8+_CD161+,NKT,NK
FOXP3	SPOCK2	transcriptional	T_Treg,T_TfR	T_CD4+,T_CD4+_TfH,T_CD4+_TfH_GC,T_Treg,T_TfR,T_CD4+_naive,T_CD8+_naive,T_CD8+_cytotoxic,T_CD8+_CD161+,NKT,ILC
FOXP3	TESPA1	transcriptional	T_Treg,T_TfR	T_CD4+,T_CD4+_TfH,T_CD4+_TfH_GC,T_Treg,T_TfR,T_TIM3+,T_CD4+_naive,T_CD8+_naive,T_CD8+_CD161+,Mast
FOXP3	ELMO1	transcriptional	T_Treg,T_TfR	B_GC_LZ,B_mem,T_CD4+_TfH_GC,T_TfR
FOXP3	USP3	transcriptional	T_Treg,T_TfR	T_CD4+,T_CD4+_TfH,Monocytes
FOXP3	CD96	transcriptional	T_Treg,T_TfR	T_CD4+,T_CD4+_TfH,T_Treg,T_TfR,T_TIM3+,T_CD4+_naive,T_CD8+_naive,T_CD8+_cytotoxic,T_CD8+_CD161+,NKT,NK,ILC
FOXP3	GNLY	transcriptional	T_Treg,T_TfR	T_CD8+_CD161+,NKT,NK,ILC
FOXP3	CELF2	transcriptional	T_Treg,T_TfR	T_CD4+,T_CD4+_TfH,T_CD4+_TfH_GC,T_Treg,T_TfR,T_TIM3+,T_CD4+_naive,T_CD8+_cytotoxic,T_CD8+_CD161+,NKT,NK,ILC,DC_CCR7+
FOXP3	ARID5A	transcriptional	T_Treg,T_TfR	T_CD4+_TfH,T_CD4+_TfH_GC,T_Treg,T_TfR,T_TIM3+,T_CD4+_naive,T_CD8+_cytotoxic,T_CD8+_CD161+,NK
FOXP3	MSL3	transcriptional	T_Treg,T_TfR	T_CD4+_TfH,T_CD4+_TfH_GC,T_Treg,T_TIM3+,T_CD4+_naive,T_CD8+_naive,DC_cDC1
FOXP3	RCAN3	transcriptional	T_Treg,T_TfR	T_CD4+,T_CD4+_TfH,T_Treg,T_CD4+_naive,T_CD8+_naive,T_CD8+_CD161+
FOXP3	MGAT4A	transcriptional	T_Treg,T_TfR	T_CD4+,T_CD4+_TfH,T_TfR,T_TIM3+,T_CD4+_naive,T_CD8+_naive,T_CD8+_cytotoxic,T_CD8+_CD161+,NKT,ILC
FOXP3	STK38	transcriptional	T_Treg,T_TfR	T_CD4+,T_Treg,T_CD4+_naive,T_CD8+_naive,T_CD8+_cytotoxic,NKT,NK
FOXP3	RASA3	transcriptional	T_Treg,T_TfR	T_CD4+,T_Treg,T_CD4+_naive,T_CD8+_naive,T_CD8+_cytotoxic,T_CD8+_CD161+
FOXP3	AAK1	transcriptional	T_Treg,T_TfR	T_CD4+,T_CD4+_TfH,T_Treg,T_TfR,T_TIM3+,T_CD4+_naive,T_CD8+_naive,T_CD8+_cytotoxic,T_CD8+_CD161+,NKT,NK,ILC
FOXP3	GOLGA8A	transcriptional	T_Treg,T_TfR	ILC
FOXP3	ZNF609	transcriptional	T_Treg,T_TfR	T_CD4+_TfH,T_CD4+_naive,T_CD8+_naive,T_CD8+_CD161+,ILC
FOXP3	PASK	transcriptional	T_Treg,T_TfR	T_CD4+,T_CD4+_TfH,T_CD4+_TfH_GC,T_TfR,T_CD4+_naive,T_CD8+_naive
FOXP3	XPO6	transcriptional	T_Treg,T_TfR	T_CD4+_naive
FOXP3	ESYT1	transcriptional	T_Treg,T_TfR	T_CD4+,T_TfR,T_TIM3+,T_CD4+_naive,T_CD8+_naive,NKT
FOXP3	LEPROTL1	transcriptional	T_Treg,T_TfR	T_CD4+,T_CD4+_TfH,T_CD4+_TfH_GC,T_Treg,T_TfR,T_TIM3+,T_CD4+_naive,T_CD8+_naive,T_CD8+_cytotoxic,T_CD8+_CD161+,NKT,ILC
FOXP3	IPCEF1	transcriptional	T_Treg,T_TfR	T_CD4+_TfH,T_CD4+_TfH_GC,T_Treg,T_TfR,T_TIM3+,T_CD4+_naive,T_CD8+_naive,T_CD8+_cytotoxic,T_CD8+_CD161+,NKT,NK
FOXP3	EML4	transcriptional	T_Treg,T_TfR	T_CD4+,T_CD4+_TfH,T_CD4+_TfH_GC,T_TfR,T_CD8+_cytotoxic,T_CD8+_CD161+,NKT,ILC
FOXP3	TRBC1	transcriptional	T_Treg,T_TfR	T_CD4+,T_CD4+_TfH,T_CD4+_TfH_GC,T_Treg,T_TfR,T_TIM3+,T_CD4+_naive,T_CD8+_naive,T_CD8+_cytotoxic,T_CD8+_CD161+,NKT,NK,ILC
FOXP3	TRAC	transcriptional	T_Treg,T_TfR	T_CD4+,T_CD4+_TfH,T_CD4+_TfH_GC,T_Treg,T_TfR,T_TIM3+,T_CD4+_naive,T_CD8+_naive,T_CD8+_cytotoxic,T_CD8+_CD161+,NKT
FOXP3	RGCC	transcriptional	T_Treg,T_TfR	T_CD4+,T_CD4+_TfH,T_Treg,T_TIM3+,T_CD4+_naive,T_CD8+_naive,T_CD8+_cytotoxic,T_CD8+_CD161+,NKT,DC_cDC1
FOXP3	ICOS	transcriptional	T_Treg,T_TfR	T_CD4+,T_CD4+_TfH,T_CD4+_TfH_GC,T_Treg,T_TfR,T_CD4+_naive,T_CD8+_CD161+,ILC
FOXP3	ARHGEF3	transcriptional	T_Treg,T_TfR	T_CD4+,T_CD4+_TfH,T_CD4+_TfH_GC,T_Treg,T_TfR,T_TIM3+,T_CD4+_naive,T_CD8+_naive,T_CD8+_cytotoxic,NKT,NK
FOXP3	NOSIP	transcriptional	T_Treg,T_TfR	T_CD4+,T_CD4+_TfH,T_TIM3+,T_CD4+_naive,T_CD8+_naive,NKT
FOXP3	LEF1	transcriptional	T_Treg,T_TfR	T_CD4+,T_CD4+_TfH,T_Treg,T_TIM3+,T_CD4+_naive,T_CD8+_naive,T_CD8+_CD161+
FOXP3	BIN2	transcriptional	T_Treg,T_TfR	T_CD4+,T_Treg,T_TIM3+,T_CD4+_naive,T_CD8+_naive,T_CD8+_cytotoxic,T_CD8+_CD161+,NKT,NK,ILC
FOXP3	SARAF	transcriptional	T_Treg,T_TfR	B_activated,T_CD4+,T_CD4+_TfH,T_CD4+_TfH_GC,T_Treg,T_TfR,T_TIM3+,T_CD4+_naive,T_CD8+_naive,T_CD8+_cytotoxic,T_CD8+_CD161+,ILC
FOXP3	HECA	transcriptional	T_Treg,T_TfR	T_CD4+_TfH,T_TfR,T_CD8+_CD161+,ILC
FOXP3	UBASH3A	transcriptional	T_Treg,T_TfR	T_CD4+,T_CD4+_TfH,T_CD4+_TfH_GC,T_Treg,T_TfR,T_CD4+_naive,T_CD8+_naive,T_CD8+_cytotoxic,T_CD8+_CD161+
FOXP3	APBB1IP	transcriptional	T_Treg,T_TfR	T_CD4+_TfH_GC,T_Treg,T_TfR,T_CD8+_cytotoxic,DC_pDC
FOXP3	GIMAP5	transcriptional	T_Treg,T_TfR	T_CD4+,T_CD4+_TfH,T_Treg,T_TfR,T_TIM3+,T_CD4+_naive,T_CD8+_naive,T_CD8+_cytotoxic,Macrophages_M2
FOXP3	SIRPG	transcriptional	T_Treg,T_TfR	T_CD4+,T_CD4+_TfH,T_CD4+_TfH_GC,T_Treg,T_TfR,T_TIM3+,T_CD4+_naive,T_CD8+_naive,T_CD8+_cytotoxic
FOXP3	SAMSN1	transcriptional	T_Treg,T_TfR	B_mem,T_CD4+,T_CD4+_TfH,T_Treg,T_CD8+_cytotoxic,T_CD8+_CD161+,DC_CCR7+,Monocytes,Mast
FOXP3	DENND2D	transcriptional	T_Treg,T_TfR	T_CD4+,T_CD4+_TfH,T_CD4+_TfH_GC,T_TfR,T_TIM3+,T_CD4+_naive,T_CD8+_naive,T_CD8+_cytotoxic,NKT,NK
FOXP3	TRAF3IP3	transcriptional	T_Treg,T_TfR	T_CD4+,T_CD4+_TfH,T_CD4+_TfH_GC,T_Treg,T_TfR,T_TIM3+,T_CD4+_naive,T_CD8+_naive,T_CD8+_cytotoxic,NKT,NK
FOXP3	NDFIP1	transcriptional	T_Treg,T_TfR	T_CD4+,T_CD4+_TfH,T_CD4+_TfH_GC,T_Treg,T_TfR,T_TIM3+,T_CD4+_naive,T_CD8+_naive,T_CD8+_CD161+,Macrophages_M2,VSMC
FOXP3	DUSP16	transcriptional	T_Treg,T_TfR	T_CD4+,T_CD4+_TfH,T_CD4+_TfH_GC,T_Treg,T_TfR,T_CD8+_CD161+,NKT,ILC
FOXP3	TSPAN14	transcriptional	T_Treg,T_TfR	T_CD4+,T_CD4+_TfH,T_CD4+_TfH_GC,T_Treg,T_TfR,T_CD4+_naive,T_CD8+_naive,T_CD8+_cytotoxic,T_CD8+_CD161+,NKT,NK,Monocytes
FOXP3	C6orf62	transcriptional	T_Treg,T_TfR	B_IFN,T_CD8+_CD161+,ILC,DC_pDC,DC_CCR7+,Monocytes,Macrophages_M2
FOXP3	RASSF5	transcriptional	T_Treg,T_TfR	T_CD4+,T_CD4+_TfH_GC,T_Treg,T_TfR,T_TIM3+,T_CD4+_naive,T_CD8+_naive,T_CD8+_cytotoxic,T_CD8+_CD161+,NKT,NK
FOXP3	NLRC5	transcriptional	T_Treg,T_TfR	B_IFN,T_TIM3+,T_CD8+_naive,T_CD8+_cytotoxic,NKT
FOXP3	OXNAD1	transcriptional	T_Treg,T_TfR	T_CD4+,T_CD4+_TfH,T_CD4+_TfH_GC,T_Treg,T_TfR,T_TIM3+,T_CD4+_naive,T_CD8+_naive,T_CD8+_CD161+
FOXP3	GBP4	transcriptional	T_Treg,T_TfR	B_IFN,B_naive,T_CD4+,T_Treg,T_CD8+_cytotoxic,NKT,NK,ILC,Monocytes,Macrophages_M1,Endo
FOXP3	GBP5	transcriptional	T_Treg,T_TfR	B_IFN,T_CD4+,T_Treg,T_TfR,T_CD8+_cytotoxic,T_CD8+_CD161+,NKT,NK,Monocytes
FOXP3	TC2N	transcriptional	T_Treg,T_TfR	T_CD4+,T_CD4+_TfH,T_CD4+_TfH_GC,T_TfR,T_CD4+_naive,T_CD8+_naive,T_CD8+_cytotoxic,T_CD8+_CD161+,NKT
FOXP3	GIMAP8	transcriptional	T_Treg,T_TfR	T_CD4+_TfH,T_CD4+_naive,T_CD8+_naive,T_CD8+_cytotoxic,Monocytes,Macrophages_M1,Macrophages_M2,Endo
FOXP3	SLFN5	transcriptional	T_Treg,T_TfR	T_CD4+,T_CD4+_TfH,T_CD4+_TfH_GC,T_Treg,T_TfR,T_TIM3+,T_CD4+_naive,T_CD8+_naive,T_CD8+_cytotoxic,T_CD8+_CD161+,NKT,NK,Mast,Endo,FDC
FOXP3	GIMAP7	transcriptional	T_Treg,T_TfR	T_CD4+,T_CD4+_TfH,T_CD4+_TfH_GC,T_Treg,T_TfR,T_TIM3+,T_CD4+_naive,T_CD8+_naive,T_CD8+_cytotoxic,T_CD8+_CD161+,NKT,NK,Endo
FOXP3	GIMAP1	transcriptional	T_Treg,T_TfR	T_CD4+,T_CD4+_TfH,T_Treg,T_TfR,T_TIM3+,T_CD4+_naive,T_CD8+_naive,T_CD8+_cytotoxic,T_CD8+_CD161+,NKT,NK,Macrophages_M2,Endo
FOXP3	SPATA13	transcriptional	T_Treg,T_TfR	T_CD4+,T_CD4+_TfH,T_CD4+_TfH_GC,T_Treg,T_TfR,T_TIM3+,T_CD4+_naive,T_CD8+_cytotoxic,T_CD8+_CD161+
FOXP3	SCML4	transcriptional	T_Treg,T_TfR	T_CD4+,T_CD4+_TfH,T_CD4+_naive,T_CD8+_naive,T_CD8+_cytotoxic,T_CD8+_CD161+,NKT,NK,ILC
